﻿{"data":[{"Properties":{"domain":"HOLO.LIVE","name":"DEFAULT DOMAIN POLICY@HOLO.LIVE","distinguishedname":"CN={31B2F340-016D-11D2-945F-00C04FB984F9},CN=POLICIES,CN=SYSTEM,DC=HOLO,DC=LIVE","domainsid":"S-1-5-21-471847105-3603022926-1728018720","highvalue":false,"description":null,"whencreated":1603410119,"gpcpath":"\\\\HOLO.LIVE\\SYSVOL\\HOLO.LIVE\\POLICIES\\{31B2F340-016D-11D2-945F-00C04FB984F9}"},"Aces":[{"PrincipalSID":"S-1-5-21-471847105-3603022926-1728018720-512","PrincipalType":"Group","RightName":"Owns","IsInherited":false},{"PrincipalSID":"S-1-5-21-471847105-3603022926-1728018720-512","PrincipalType":"Group","RightName":"WriteDacl","IsInherited":false},{"PrincipalSID":"S-1-5-21-471847105-3603022926-1728018720-512","PrincipalType":"Group","RightName":"WriteOwner","IsInherited":false},{"PrincipalSID":"S-1-5-21-471847105-3603022926-1728018720-512","PrincipalType":"Group","RightName":"GenericWrite","IsInherited":false},{"PrincipalSID":"S-1-5-21-471847105-3603022926-1728018720-512","PrincipalType":"Group","RightName":"WriteDacl","IsInherited":false},{"PrincipalSID":"S-1-5-21-471847105-3603022926-1728018720-512","PrincipalType":"Group","RightName":"WriteOwner","IsInherited":false},{"PrincipalSID":"S-1-5-21-471847105-3603022926-1728018720-512","PrincipalType":"Group","RightName":"GenericWrite","IsInherited":false},{"PrincipalSID":"S-1-5-21-471847105-3603022926-1728018720-519","PrincipalType":"Group","RightName":"WriteDacl","IsInherited":false},{"PrincipalSID":"S-1-5-21-471847105-3603022926-1728018720-519","PrincipalType":"Group","RightName":"WriteOwner","IsInherited":false},{"PrincipalSID":"S-1-5-21-471847105-3603022926-1728018720-519","PrincipalType":"Group","RightName":"GenericWrite","IsInherited":false}],"ObjectIdentifier":"5D03DE40-73DD-48D7-8EB7-90A633113913","IsDeleted":false,"IsACLProtected":true},{"Properties":{"domain":"HOLO.LIVE","name":"DEFAULT DOMAIN CONTROLLERS POLICY@HOLO.LIVE","distinguishedname":"CN={6AC1786C-016F-11D2-945F-00C04FB984F9},CN=POLICIES,CN=SYSTEM,DC=HOLO,DC=LIVE","domainsid":"S-1-5-21-471847105-3603022926-1728018720","highvalue":false,"description":null,"whencreated":1603410119,"gpcpath":"\\\\HOLO.LIVE\\SYSVOL\\HOLO.LIVE\\POLICIES\\{6AC1786C-016F-11D2-945F-00C04FB984F9}"},"Aces":[{"PrincipalSID":"S-1-5-21-471847105-3603022926-1728018720-512","PrincipalType":"Group","RightName":"Owns","IsInherited":false},{"PrincipalSID":"S-1-5-21-471847105-3603022926-1728018720-512","PrincipalType":"Group","RightName":"WriteDacl","IsInherited":false},{"PrincipalSID":"S-1-5-21-471847105-3603022926-1728018720-512","PrincipalType":"Group","RightName":"WriteOwner","IsInherited":false},{"PrincipalSID":"S-1-5-21-471847105-3603022926-1728018720-512","PrincipalType":"Group","RightName":"GenericWrite","IsInherited":false},{"PrincipalSID":"S-1-5-21-471847105-3603022926-1728018720-512","PrincipalType":"Group","RightName":"WriteDacl","IsInherited":false},{"PrincipalSID":"S-1-5-21-471847105-3603022926-1728018720-512","PrincipalType":"Group","RightName":"WriteOwner","IsInherited":false},{"PrincipalSID":"S-1-5-21-471847105-3603022926-1728018720-512","PrincipalType":"Group","RightName":"GenericWrite","IsInherited":false},{"PrincipalSID":"S-1-5-21-471847105-3603022926-1728018720-519","PrincipalType":"Group","RightName":"WriteDacl","IsInherited":false},{"PrincipalSID":"S-1-5-21-471847105-3603022926-1728018720-519","PrincipalType":"Group","RightName":"WriteOwner","IsInherited":false},{"PrincipalSID":"S-1-5-21-471847105-3603022926-1728018720-519","PrincipalType":"Group","RightName":"GenericWrite","IsInherited":false}],"ObjectIdentifier":"18A7CB1F-A6D4-4014-8E4B-8A6AF2662D8A","IsDeleted":false,"IsACLProtected":true}],"meta":{"methods":29695,"type":"gpos","count":2,"version":5}}