﻿{"data":[{"GPOChanges":{"LocalAdmins":[],"RemoteDesktopUsers":[],"DcomUsers":[],"PSRemoteUsers":[],"AffectedComputers":[]},"Properties":{"domain":"HOLO.LIVE","name":"STAFF@HOLO.LIVE","distinguishedname":"OU=STAFF,OU=EMPLOYEES,DC=HOLO,DC=LIVE","domainsid":"S-1-5-21-471847105-3603022926-1728018720","highvalue":false,"description":null,"whencreated":1603410454,"blocksinheritance":false},"Links":[],"ChildObjects":[{"ObjectIdentifier":"S-1-5-21-471847105-3603022926-1728018720-1133","ObjectType":"User"},{"ObjectIdentifier":"S-1-5-21-471847105-3603022926-1728018720-1127","ObjectType":"User"},{"ObjectIdentifier":"S-1-5-21-471847105-3603022926-1728018720-1134","ObjectType":"User"},{"ObjectIdentifier":"S-1-5-21-471847105-3603022926-1728018720-1129","ObjectType":"User"},{"ObjectIdentifier":"S-1-5-21-471847105-3603022926-1728018720-1131","ObjectType":"User"},{"ObjectIdentifier":"S-1-5-21-471847105-3603022926-1728018720-1130","ObjectType":"User"},{"ObjectIdentifier":"S-1-5-21-471847105-3603022926-1728018720-1128","ObjectType":"User"},{"ObjectIdentifier":"S-1-5-21-471847105-3603022926-1728018720-1132","ObjectType":"User"},{"ObjectIdentifier":"S-1-5-21-471847105-3603022926-1728018720-1135","ObjectType":"User"}],"Aces":[{"PrincipalSID":"S-1-5-21-471847105-3603022926-1728018720-512","PrincipalType":"Group","RightName":"Owns","IsInherited":false},{"PrincipalSID":"S-1-5-21-471847105-3603022926-1728018720-512","PrincipalType":"Group","RightName":"GenericAll","IsInherited":false},{"PrincipalSID":"S-1-5-21-471847105-3603022926-1728018720-519","PrincipalType":"Group","RightName":"GenericAll","IsInherited":true},{"PrincipalSID":"HOLO.LIVE-S-1-5-32-544","PrincipalType":"Group","RightName":"WriteDacl","IsInherited":true},{"PrincipalSID":"HOLO.LIVE-S-1-5-32-544","PrincipalType":"Group","RightName":"WriteOwner","IsInherited":true}],"ObjectIdentifier":"AD37987A-6FA0-4053-9F8C-A1CB370202CF","IsDeleted":false,"IsACLProtected":false},{"GPOChanges":{"LocalAdmins":[],"RemoteDesktopUsers":[],"DcomUsers":[],"PSRemoteUsers":[],"AffectedComputers":[]},"Properties":{"domain":"HOLO.LIVE","name":"SYSTEM ADMINISTRATORS@HOLO.LIVE","distinguishedname":"OU=SYSTEM ADMINISTRATORS,OU=EMPLOYEES,DC=HOLO,DC=LIVE","domainsid":"S-1-5-21-471847105-3603022926-1728018720","highvalue":false,"description":null,"whencreated":1603410466,"blocksinheritance":false},"Links":[],"ChildObjects":[],"Aces":[{"PrincipalSID":"S-1-5-21-471847105-3603022926-1728018720-512","PrincipalType":"Group","RightName":"Owns","IsInherited":false},{"PrincipalSID":"S-1-5-21-471847105-3603022926-1728018720-512","PrincipalType":"Group","RightName":"GenericAll","IsInherited":false},{"PrincipalSID":"S-1-5-21-471847105-3603022926-1728018720-519","PrincipalType":"Group","RightName":"GenericAll","IsInherited":true},{"PrincipalSID":"HOLO.LIVE-S-1-5-32-544","PrincipalType":"Group","RightName":"WriteDacl","IsInherited":true},{"PrincipalSID":"HOLO.LIVE-S-1-5-32-544","PrincipalType":"Group","RightName":"WriteOwner","IsInherited":true}],"ObjectIdentifier":"E0C4963B-556B-4198-B7F5-0840E25EC25E","IsDeleted":false,"IsACLProtected":false},{"GPOChanges":{"LocalAdmins":[],"RemoteDesktopUsers":[],"DcomUsers":[],"PSRemoteUsers":[],"AffectedComputers":[]},"Properties":{"domain":"HOLO.LIVE","name":"SERVICE ACCOUNTS@HOLO.LIVE","distinguishedname":"OU=SERVICE ACCOUNTS,OU=EMPLOYEES,DC=HOLO,DC=LIVE","domainsid":"S-1-5-21-471847105-3603022926-1728018720","highvalue":false,"description":null,"whencreated":1603410473,"blocksinheritance":false},"Links":[],"ChildObjects":[{"ObjectIdentifier":"S-1-5-21-471847105-3603022926-1728018720-1111","ObjectType":"User"},{"ObjectIdentifier":"S-1-5-21-471847105-3603022926-1728018720-1116","ObjectType":"User"},{"ObjectIdentifier":"S-1-5-21-471847105-3603022926-1728018720-1119","ObjectType":"User"},{"ObjectIdentifier":"S-1-5-21-471847105-3603022926-1728018720-1136","ObjectType":"User"}],"Aces":[{"PrincipalSID":"S-1-5-21-471847105-3603022926-1728018720-512","PrincipalType":"Group","RightName":"Owns","IsInherited":false},{"PrincipalSID":"S-1-5-21-471847105-3603022926-1728018720-512","PrincipalType":"Group","RightName":"GenericAll","IsInherited":false},{"PrincipalSID":"S-1-5-21-471847105-3603022926-1728018720-519","PrincipalType":"Group","RightName":"GenericAll","IsInherited":true},{"PrincipalSID":"HOLO.LIVE-S-1-5-32-544","PrincipalType":"Group","RightName":"WriteDacl","IsInherited":true},{"PrincipalSID":"HOLO.LIVE-S-1-5-32-544","PrincipalType":"Group","RightName":"WriteOwner","IsInherited":true}],"ObjectIdentifier":"DA0D4305-D143-49F5-B24A-6742698BCA13","IsDeleted":false,"IsACLProtected":false},{"GPOChanges":{"LocalAdmins":[],"RemoteDesktopUsers":[],"DcomUsers":[],"PSRemoteUsers":[],"AffectedComputers":[]},"Properties":{"domain":"HOLO.LIVE","name":"LINUX USER ACCOUNTS@HOLO.LIVE","distinguishedname":"OU=LINUX USER ACCOUNTS,OU=EMPLOYEES,DC=HOLO,DC=LIVE","domainsid":"S-1-5-21-471847105-3603022926-1728018720","highvalue":false,"description":null,"whencreated":1603410489,"blocksinheritance":false},"Links":[],"ChildObjects":[],"Aces":[{"PrincipalSID":"S-1-5-21-471847105-3603022926-1728018720-512","PrincipalType":"Group","RightName":"Owns","IsInherited":false},{"PrincipalSID":"S-1-5-21-471847105-3603022926-1728018720-512","PrincipalType":"Group","RightName":"GenericAll","IsInherited":false},{"PrincipalSID":"S-1-5-21-471847105-3603022926-1728018720-519","PrincipalType":"Group","RightName":"GenericAll","IsInherited":true},{"PrincipalSID":"HOLO.LIVE-S-1-5-32-544","PrincipalType":"Group","RightName":"WriteDacl","IsInherited":true},{"PrincipalSID":"HOLO.LIVE-S-1-5-32-544","PrincipalType":"Group","RightName":"WriteOwner","IsInherited":true}],"ObjectIdentifier":"EA28313B-0148-4DBB-B2E4-A453B50FCF68","IsDeleted":false,"IsACLProtected":false},{"GPOChanges":{"LocalAdmins":[],"RemoteDesktopUsers":[],"DcomUsers":[],"PSRemoteUsers":[],"AffectedComputers":[]},"Properties":{"domain":"HOLO.LIVE","name":"LABMASTERS@HOLO.LIVE","distinguishedname":"OU=LABMASTERS,DC=HOLO,DC=LIVE","domainsid":"S-1-5-21-471847105-3603022926-1728018720","highvalue":false,"description":null,"whencreated":1603412407,"blocksinheritance":false},"Links":[],"ChildObjects":[{"ObjectIdentifier":"S-1-5-21-471847105-3603022926-1728018720-1115","ObjectType":"User"},{"ObjectIdentifier":"S-1-5-21-471847105-3603022926-1728018720-1114","ObjectType":"User"}],"Aces":[{"PrincipalSID":"S-1-5-21-471847105-3603022926-1728018720-512","PrincipalType":"Group","RightName":"Owns","IsInherited":false},{"PrincipalSID":"S-1-5-21-471847105-3603022926-1728018720-512","PrincipalType":"Group","RightName":"GenericAll","IsInherited":false},{"PrincipalSID":"S-1-5-21-471847105-3603022926-1728018720-519","PrincipalType":"Group","RightName":"GenericAll","IsInherited":true},{"PrincipalSID":"HOLO.LIVE-S-1-5-32-544","PrincipalType":"Group","RightName":"WriteDacl","IsInherited":true},{"PrincipalSID":"HOLO.LIVE-S-1-5-32-544","PrincipalType":"Group","RightName":"WriteOwner","IsInherited":true}],"ObjectIdentifier":"38D81133-667A-4012-B8B5-93A2B7256601","IsDeleted":false,"IsACLProtected":false},{"GPOChanges":{"LocalAdmins":[],"RemoteDesktopUsers":[],"DcomUsers":[],"PSRemoteUsers":[],"AffectedComputers":[]},"Properties":{"domain":"HOLO.LIVE","name":"SERVERS@HOLO.LIVE","distinguishedname":"OU=SERVERS,DC=HOLO,DC=LIVE","domainsid":"S-1-5-21-471847105-3603022926-1728018720","highvalue":false,"description":null,"whencreated":1605476828,"blocksinheritance":false},"Links":[],"ChildObjects":[{"ObjectIdentifier":"A89090D0-8A69-40EE-BDB7-9FD480D23249","ObjectType":"OU"}],"Aces":[{"PrincipalSID":"S-1-5-21-471847105-3603022926-1728018720-519","PrincipalType":"Group","RightName":"Owns","IsInherited":false},{"PrincipalSID":"S-1-5-21-471847105-3603022926-1728018720-512","PrincipalType":"Group","RightName":"GenericAll","IsInherited":false},{"PrincipalSID":"S-1-5-21-471847105-3603022926-1728018720-519","PrincipalType":"Group","RightName":"GenericAll","IsInherited":true},{"PrincipalSID":"HOLO.LIVE-S-1-5-32-544","PrincipalType":"Group","RightName":"WriteDacl","IsInherited":true},{"PrincipalSID":"HOLO.LIVE-S-1-5-32-544","PrincipalType":"Group","RightName":"WriteOwner","IsInherited":true}],"ObjectIdentifier":"077B6EA4-A6C8-4546-9981-522BC4542A4D","IsDeleted":false,"IsACLProtected":false},{"GPOChanges":{"LocalAdmins":[],"RemoteDesktopUsers":[],"DcomUsers":[],"PSRemoteUsers":[],"AffectedComputers":[]},"Properties":{"domain":"HOLO.LIVE","name":"GROUPS@HOLO.LIVE","distinguishedname":"OU=GROUPS,DC=HOLO,DC=LIVE","domainsid":"S-1-5-21-471847105-3603022926-1728018720","highvalue":false,"description":null,"whencreated":1605476949,"blocksinheritance":false},"Links":[],"ChildObjects":[{"ObjectIdentifier":"S-1-5-21-471847105-3603022926-1728018720-571","ObjectType":"Group"},{"ObjectIdentifier":"S-1-5-21-471847105-3603022926-1728018720-517","ObjectType":"Group"},{"ObjectIdentifier":"S-1-5-21-471847105-3603022926-1728018720-522","ObjectType":"Group"},{"ObjectIdentifier":"S-1-5-21-471847105-3603022926-1728018720-572","ObjectType":"Group"},{"ObjectIdentifier":"S-1-5-21-471847105-3603022926-1728018720-1109","ObjectType":"Group"},{"ObjectIdentifier":"S-1-5-21-471847105-3603022926-1728018720-1110","ObjectType":"Group"},{"ObjectIdentifier":"S-1-5-21-471847105-3603022926-1728018720-512","ObjectType":"Group"},{"ObjectIdentifier":"S-1-5-21-471847105-3603022926-1728018720-515","ObjectType":"Group"},{"ObjectIdentifier":"S-1-5-21-471847105-3603022926-1728018720-516","ObjectType":"Group"},{"ObjectIdentifier":"S-1-5-21-471847105-3603022926-1728018720-514","ObjectType":"Group"},{"ObjectIdentifier":"S-1-5-21-471847105-3603022926-1728018720-513","ObjectType":"Group"},{"ObjectIdentifier":"S-1-5-21-471847105-3603022926-1728018720-519","ObjectType":"Group"},{"ObjectIdentifier":"S-1-5-21-471847105-3603022926-1728018720-527","ObjectType":"Group"},{"ObjectIdentifier":"S-1-5-21-471847105-3603022926-1728018720-498","ObjectType":"Group"},{"ObjectIdentifier":"S-1-5-21-471847105-3603022926-1728018720-520","ObjectType":"Group"},{"ObjectIdentifier":"S-1-5-21-471847105-3603022926-1728018720-526","ObjectType":"Group"},{"ObjectIdentifier":"S-1-5-21-471847105-3603022926-1728018720-525","ObjectType":"Group"},{"ObjectIdentifier":"S-1-5-21-471847105-3603022926-1728018720-553","ObjectType":"Group"},{"ObjectIdentifier":"S-1-5-21-471847105-3603022926-1728018720-521","ObjectType":"Group"},{"ObjectIdentifier":"S-1-5-21-471847105-3603022926-1728018720-518","ObjectType":"Group"}],"Aces":[{"PrincipalSID":"S-1-5-21-471847105-3603022926-1728018720-519","PrincipalType":"Group","RightName":"Owns","IsInherited":false},{"PrincipalSID":"S-1-5-21-471847105-3603022926-1728018720-512","PrincipalType":"Group","RightName":"GenericAll","IsInherited":false},{"PrincipalSID":"S-1-5-21-471847105-3603022926-1728018720-519","PrincipalType":"Group","RightName":"GenericAll","IsInherited":true},{"PrincipalSID":"HOLO.LIVE-S-1-5-32-544","PrincipalType":"Group","RightName":"WriteDacl","IsInherited":true},{"PrincipalSID":"HOLO.LIVE-S-1-5-32-544","PrincipalType":"Group","RightName":"WriteOwner","IsInherited":true}],"ObjectIdentifier":"B620016B-8581-4C23-B9F9-8185CF04D728","IsDeleted":false,"IsACLProtected":false},{"GPOChanges":{"LocalAdmins":[],"RemoteDesktopUsers":[],"DcomUsers":[],"PSRemoteUsers":[],"AffectedComputers":[]},"Properties":{"domain":"HOLO.LIVE","name":"EMPLOYEES@HOLO.LIVE","distinguishedname":"OU=EMPLOYEES,DC=HOLO,DC=LIVE","domainsid":"S-1-5-21-471847105-3603022926-1728018720","highvalue":false,"description":null,"whencreated":1603410430,"blocksinheritance":false},"Links":[],"ChildObjects":[{"ObjectIdentifier":"84BBE02E-B2C9-4F31-8E7B-C0299F837AEF","ObjectType":"OU"},{"ObjectIdentifier":"EA28313B-0148-4DBB-B2E4-A453B50FCF68","ObjectType":"OU"},{"ObjectIdentifier":"DA0D4305-D143-49F5-B24A-6742698BCA13","ObjectType":"OU"},{"ObjectIdentifier":"AD37987A-6FA0-4053-9F8C-A1CB370202CF","ObjectType":"OU"},{"ObjectIdentifier":"E0C4963B-556B-4198-B7F5-0840E25EC25E","ObjectType":"OU"}],"Aces":[{"PrincipalSID":"S-1-5-21-471847105-3603022926-1728018720-512","PrincipalType":"Group","RightName":"Owns","IsInherited":false},{"PrincipalSID":"S-1-5-21-471847105-3603022926-1728018720-512","PrincipalType":"Group","RightName":"GenericAll","IsInherited":false},{"PrincipalSID":"S-1-5-21-471847105-3603022926-1728018720-519","PrincipalType":"Group","RightName":"GenericAll","IsInherited":true},{"PrincipalSID":"HOLO.LIVE-S-1-5-32-544","PrincipalType":"Group","RightName":"WriteDacl","IsInherited":true},{"PrincipalSID":"HOLO.LIVE-S-1-5-32-544","PrincipalType":"Group","RightName":"WriteOwner","IsInherited":true}],"ObjectIdentifier":"EAF11B58-BE9A-447F-8C6B-85D556485B02","IsDeleted":false,"IsACLProtected":false},{"GPOChanges":{"LocalAdmins":[],"RemoteDesktopUsers":[],"DcomUsers":[],"PSRemoteUsers":[],"AffectedComputers":[]},"Properties":{"domain":"HOLO.LIVE","name":"ADMINISTRATION@HOLO.LIVE","distinguishedname":"OU=ADMINISTRATION,OU=EMPLOYEES,DC=HOLO,DC=LIVE","domainsid":"S-1-5-21-471847105-3603022926-1728018720","highvalue":false,"description":null,"whencreated":1603410446,"blocksinheritance":false},"Links":[],"ChildObjects":[{"ObjectIdentifier":"S-1-5-21-471847105-3603022926-1728018720-1122","ObjectType":"User"},{"ObjectIdentifier":"S-1-5-21-471847105-3603022926-1728018720-1126","ObjectType":"User"}],"Aces":[{"PrincipalSID":"S-1-5-21-471847105-3603022926-1728018720-512","PrincipalType":"Group","RightName":"Owns","IsInherited":false},{"PrincipalSID":"S-1-5-21-471847105-3603022926-1728018720-512","PrincipalType":"Group","RightName":"GenericAll","IsInherited":false},{"PrincipalSID":"S-1-5-21-471847105-3603022926-1728018720-519","PrincipalType":"Group","RightName":"GenericAll","IsInherited":true},{"PrincipalSID":"HOLO.LIVE-S-1-5-32-544","PrincipalType":"Group","RightName":"WriteDacl","IsInherited":true},{"PrincipalSID":"HOLO.LIVE-S-1-5-32-544","PrincipalType":"Group","RightName":"WriteOwner","IsInherited":true}],"ObjectIdentifier":"84BBE02E-B2C9-4F31-8E7B-C0299F837AEF","IsDeleted":false,"IsACLProtected":false},{"GPOChanges":{"LocalAdmins":[],"RemoteDesktopUsers":[],"DcomUsers":[],"PSRemoteUsers":[],"AffectedComputers":[]},"Properties":{"domain":"HOLO.LIVE","name":"WINDOWS SERVER 2019 @HOLO.LIVE","distinguishedname":"OU=WINDOWS SERVER 2019\\ ,OU=SERVERS,DC=HOLO,DC=LIVE","domainsid":"S-1-5-21-471847105-3603022926-1728018720","highvalue":false,"description":null,"whencreated":1605476839,"blocksinheritance":false},"Links":[],"ChildObjects":[],"Aces":[{"PrincipalSID":"S-1-5-21-471847105-3603022926-1728018720-519","PrincipalType":"Group","RightName":"Owns","IsInherited":false},{"PrincipalSID":"S-1-5-21-471847105-3603022926-1728018720-512","PrincipalType":"Group","RightName":"GenericAll","IsInherited":false},{"PrincipalSID":"S-1-5-21-471847105-3603022926-1728018720-519","PrincipalType":"Group","RightName":"GenericAll","IsInherited":true},{"PrincipalSID":"HOLO.LIVE-S-1-5-32-544","PrincipalType":"Group","RightName":"WriteDacl","IsInherited":true},{"PrincipalSID":"HOLO.LIVE-S-1-5-32-544","PrincipalType":"Group","RightName":"WriteOwner","IsInherited":true}],"ObjectIdentifier":"A89090D0-8A69-40EE-BDB7-9FD480D23249","IsDeleted":false,"IsACLProtected":false},{"GPOChanges":{"LocalAdmins":[],"RemoteDesktopUsers":[],"DcomUsers":[],"PSRemoteUsers":[],"AffectedComputers":[{"ObjectIdentifier":"S-1-5-21-471847105-3603022926-1728018720-1008","ObjectType":"Computer"}]},"Properties":{"domain":"HOLO.LIVE","name":"DOMAIN CONTROLLERS@HOLO.LIVE","distinguishedname":"OU=DOMAIN CONTROLLERS,DC=HOLO,DC=LIVE","domainsid":"S-1-5-21-471847105-3603022926-1728018720","highvalue":false,"description":"Default container for domain controllers","whencreated":1603410120,"blocksinheritance":false},"Links":[{"IsEnforced":false,"GUID":"18A7CB1F-A6D4-4014-8E4B-8A6AF2662D8A"}],"ChildObjects":[{"ObjectIdentifier":"S-1-5-21-471847105-3603022926-1728018720-1008","ObjectType":"Computer"}],"Aces":[{"PrincipalSID":"S-1-5-21-471847105-3603022926-1728018720-512","PrincipalType":"Group","RightName":"Owns","IsInherited":false},{"PrincipalSID":"S-1-5-21-471847105-3603022926-1728018720-512","PrincipalType":"Group","RightName":"WriteDacl","IsInherited":false},{"PrincipalSID":"S-1-5-21-471847105-3603022926-1728018720-512","PrincipalType":"Group","RightName":"WriteOwner","IsInherited":false},{"PrincipalSID":"S-1-5-21-471847105-3603022926-1728018720-519","PrincipalType":"Group","RightName":"GenericAll","IsInherited":true},{"PrincipalSID":"HOLO.LIVE-S-1-5-32-544","PrincipalType":"Group","RightName":"WriteDacl","IsInherited":true},{"PrincipalSID":"HOLO.LIVE-S-1-5-32-544","PrincipalType":"Group","RightName":"WriteOwner","IsInherited":true}],"ObjectIdentifier":"D542FAE6-7C52-4B1A-9D49-AECDBC0837EA","IsDeleted":false,"IsACLProtected":false}],"meta":{"methods":29695,"type":"ous","count":11,"version":5}}