﻿{"data":[{"Properties":{"domain":"HOLO.LIVE","name":"ADMINSDHOLDER@HOLO.LIVE","distinguishedname":"CN=ADMINSDHOLDER,CN=SYSTEM,DC=HOLO,DC=LIVE","domainsid":"S-1-5-21-471847105-3603022926-1728018720","highvalue":false},"ChildObjects":[],"Aces":[{"PrincipalSID":"S-1-5-21-471847105-3603022926-1728018720-512","PrincipalType":"Group","RightName":"Owns","IsInherited":false},{"PrincipalSID":"HOLO.LIVE-S-1-5-32-544","PrincipalType":"Group","RightName":"WriteDacl","IsInherited":false},{"PrincipalSID":"HOLO.LIVE-S-1-5-32-544","PrincipalType":"Group","RightName":"WriteOwner","IsInherited":false},{"PrincipalSID":"S-1-5-21-471847105-3603022926-1728018720-512","PrincipalType":"Group","RightName":"WriteDacl","IsInherited":false},{"PrincipalSID":"S-1-5-21-471847105-3603022926-1728018720-512","PrincipalType":"Group","RightName":"WriteOwner","IsInherited":false},{"PrincipalSID":"S-1-5-21-471847105-3603022926-1728018720-519","PrincipalType":"Group","RightName":"WriteDacl","IsInherited":false},{"PrincipalSID":"S-1-5-21-471847105-3603022926-1728018720-519","PrincipalType":"Group","RightName":"WriteOwner","IsInherited":false}],"ObjectIdentifier":"E814DD97-9BDD-42D3-BC24-48ED67EC15D5","IsDeleted":false,"IsACLProtected":true},{"Properties":{"domain":"HOLO.LIVE","name":"POLICYTYPE@HOLO.LIVE","distinguishedname":"CN=POLICYTYPE,CN=WMIPOLICY,CN=SYSTEM,DC=HOLO,DC=LIVE","domainsid":"S-1-5-21-471847105-3603022926-1728018720","highvalue":false},"ChildObjects":[],"Aces":[{"PrincipalSID":"S-1-5-21-471847105-3603022926-1728018720-512","PrincipalType":"Group","RightName":"Owns","IsInherited":false},{"PrincipalSID":"S-1-5-21-471847105-3603022926-1728018720-512","PrincipalType":"Group","RightName":"WriteDacl","IsInherited":false},{"PrincipalSID":"S-1-5-21-471847105-3603022926-1728018720-512","PrincipalType":"Group","RightName":"WriteOwner","IsInherited":false},{"PrincipalSID":"S-1-5-21-471847105-3603022926-1728018720-519","PrincipalType":"Group","RightName":"GenericAll","IsInherited":true},{"PrincipalSID":"S-1-5-21-471847105-3603022926-1728018720-512","PrincipalType":"Group","RightName":"GenericAll","IsInherited":true}],"ObjectIdentifier":"320BFCAA-0047-4822-81B0-5815AA3582A4","IsDeleted":false,"IsACLProtected":false},{"Properties":{"domain":"HOLO.LIVE","name":"WMIGPO@HOLO.LIVE","distinguishedname":"CN=WMIGPO,CN=WMIPOLICY,CN=SYSTEM,DC=HOLO,DC=LIVE","domainsid":"S-1-5-21-471847105-3603022926-1728018720","highvalue":false},"ChildObjects":[],"Aces":[{"PrincipalSID":"S-1-5-21-471847105-3603022926-1728018720-512","PrincipalType":"Group","RightName":"Owns","IsInherited":false},{"PrincipalSID":"S-1-5-21-471847105-3603022926-1728018720-512","PrincipalType":"Group","RightName":"WriteDacl","IsInherited":false},{"PrincipalSID":"S-1-5-21-471847105-3603022926-1728018720-512","PrincipalType":"Group","RightName":"WriteOwner","IsInherited":false},{"PrincipalSID":"S-1-5-21-471847105-3603022926-1728018720-519","PrincipalType":"Group","RightName":"GenericAll","IsInherited":true},{"PrincipalSID":"S-1-5-21-471847105-3603022926-1728018720-512","PrincipalType":"Group","RightName":"GenericAll","IsInherited":true}],"ObjectIdentifier":"610C8E40-AD4D-42F2-B518-DFCE9C47069F","IsDeleted":false,"IsACLProtected":false},{"Properties":{"domain":"HOLO.LIVE","name":"SOM@HOLO.LIVE","distinguishedname":"CN=SOM,CN=WMIPOLICY,CN=SYSTEM,DC=HOLO,DC=LIVE","domainsid":"S-1-5-21-471847105-3603022926-1728018720","highvalue":false},"ChildObjects":[],"Aces":[{"PrincipalSID":"S-1-5-21-471847105-3603022926-1728018720-512","PrincipalType":"Group","RightName":"Owns","IsInherited":false},{"PrincipalSID":"S-1-5-21-471847105-3603022926-1728018720-512","PrincipalType":"Group","RightName":"GenericAll","IsInherited":false},{"PrincipalSID":"S-1-5-21-471847105-3603022926-1728018720-519","PrincipalType":"Group","RightName":"GenericAll","IsInherited":false}],"ObjectIdentifier":"2CB5BB5C-C4D7-442F-8BC7-1FF182713C02","IsDeleted":false,"IsACLProtected":true},{"Properties":{"domain":"HOLO.LIVE","name":"POLICYTEMPLATE@HOLO.LIVE","distinguishedname":"CN=POLICYTEMPLATE,CN=WMIPOLICY,CN=SYSTEM,DC=HOLO,DC=LIVE","domainsid":"S-1-5-21-471847105-3603022926-1728018720","highvalue":false},"ChildObjects":[],"Aces":[{"PrincipalSID":"S-1-5-21-471847105-3603022926-1728018720-512","PrincipalType":"Group","RightName":"Owns","IsInherited":false},{"PrincipalSID":"S-1-5-21-471847105-3603022926-1728018720-512","PrincipalType":"Group","RightName":"WriteDacl","IsInherited":false},{"PrincipalSID":"S-1-5-21-471847105-3603022926-1728018720-512","PrincipalType":"Group","RightName":"WriteOwner","IsInherited":false},{"PrincipalSID":"S-1-5-21-471847105-3603022926-1728018720-519","PrincipalType":"Group","RightName":"GenericAll","IsInherited":true},{"PrincipalSID":"S-1-5-21-471847105-3603022926-1728018720-512","PrincipalType":"Group","RightName":"GenericAll","IsInherited":true}],"ObjectIdentifier":"E23D0302-3668-4E35-8522-9C8EA2CF2911","IsDeleted":false,"IsACLProtected":false},{"Properties":{"domain":"HOLO.LIVE","name":"WMIPOLICY@HOLO.LIVE","distinguishedname":"CN=WMIPOLICY,CN=SYSTEM,DC=HOLO,DC=LIVE","domainsid":"S-1-5-21-471847105-3603022926-1728018720","highvalue":false},"ChildObjects":[],"Aces":[{"PrincipalSID":"S-1-5-21-471847105-3603022926-1728018720-512","PrincipalType":"Group","RightName":"Owns","IsInherited":false},{"PrincipalSID":"S-1-5-21-471847105-3603022926-1728018720-512","PrincipalType":"Group","RightName":"GenericAll","IsInherited":false},{"PrincipalSID":"S-1-5-21-471847105-3603022926-1728018720-519","PrincipalType":"Group","RightName":"GenericAll","IsInherited":false}],"ObjectIdentifier":"A898AEC2-4118-4E63-B8CE-C1E3CDB124C0","IsDeleted":false,"IsACLProtected":true},{"Properties":{"domain":"HOLO.LIVE","name":"PSPS@HOLO.LIVE","distinguishedname":"CN=PSPS,CN=SYSTEM,DC=HOLO,DC=LIVE","domainsid":"S-1-5-21-471847105-3603022926-1728018720","highvalue":false},"ChildObjects":[],"Aces":[{"PrincipalSID":"S-1-5-21-471847105-3603022926-1728018720-512","PrincipalType":"Group","RightName":"Owns","IsInherited":false},{"PrincipalSID":"S-1-5-21-471847105-3603022926-1728018720-512","PrincipalType":"Group","RightName":"GenericAll","IsInherited":false},{"PrincipalSID":"S-1-5-21-471847105-3603022926-1728018720-519","PrincipalType":"Group","RightName":"GenericAll","IsInherited":true},{"PrincipalSID":"HOLO.LIVE-S-1-5-32-544","PrincipalType":"Group","RightName":"WriteDacl","IsInherited":true},{"PrincipalSID":"HOLO.LIVE-S-1-5-32-544","PrincipalType":"Group","RightName":"WriteOwner","IsInherited":true}],"ObjectIdentifier":"E1E894EB-0C93-486C-9171-3D2E574C3EC6","IsDeleted":false,"IsACLProtected":false},{"Properties":{"domain":"HOLO.LIVE","name":"USERS@HOLO.LIVE","distinguishedname":"CN=USERS,DC=HOLO,DC=LIVE","domainsid":"S-1-5-21-471847105-3603022926-1728018720","highvalue":false},"ChildObjects":[{"ObjectIdentifier":"S-1-5-21-471847105-3603022926-1728018720-500","ObjectType":"User"},{"ObjectIdentifier":"S-1-5-21-471847105-3603022926-1728018720-501","ObjectType":"User"},{"ObjectIdentifier":"S-1-5-21-471847105-3603022926-1728018720-1140","ObjectType":"User"},{"ObjectIdentifier":"S-1-5-21-471847105-3603022926-1728018720-502","ObjectType":"User"}],"Aces":[{"PrincipalSID":"S-1-5-21-471847105-3603022926-1728018720-512","PrincipalType":"Group","RightName":"Owns","IsInherited":false},{"PrincipalSID":"S-1-5-21-471847105-3603022926-1728018720-512","PrincipalType":"Group","RightName":"WriteDacl","IsInherited":false},{"PrincipalSID":"S-1-5-21-471847105-3603022926-1728018720-512","PrincipalType":"Group","RightName":"WriteOwner","IsInherited":false},{"PrincipalSID":"S-1-5-21-471847105-3603022926-1728018720-519","PrincipalType":"Group","RightName":"GenericAll","IsInherited":true},{"PrincipalSID":"HOLO.LIVE-S-1-5-32-544","PrincipalType":"Group","RightName":"WriteDacl","IsInherited":true},{"PrincipalSID":"HOLO.LIVE-S-1-5-32-544","PrincipalType":"Group","RightName":"WriteOwner","IsInherited":true}],"ObjectIdentifier":"DD193B32-DF7D-4666-A0E3-CA60DF3FFE19","IsDeleted":false,"IsACLProtected":false},{"Properties":{"domain":"HOLO.LIVE","name":"COMPARTITIONS@HOLO.LIVE","distinguishedname":"CN=COMPARTITIONS,CN=SYSTEM,DC=HOLO,DC=LIVE","domainsid":"S-1-5-21-471847105-3603022926-1728018720","highvalue":false},"ChildObjects":[],"Aces":[{"PrincipalSID":"S-1-5-21-471847105-3603022926-1728018720-512","PrincipalType":"Group","RightName":"Owns","IsInherited":false},{"PrincipalSID":"S-1-5-21-471847105-3603022926-1728018720-512","PrincipalType":"Group","RightName":"WriteDacl","IsInherited":false},{"PrincipalSID":"S-1-5-21-471847105-3603022926-1728018720-512","PrincipalType":"Group","RightName":"WriteOwner","IsInherited":false},{"PrincipalSID":"S-1-5-21-471847105-3603022926-1728018720-519","PrincipalType":"Group","RightName":"GenericAll","IsInherited":true},{"PrincipalSID":"HOLO.LIVE-S-1-5-32-544","PrincipalType":"Group","RightName":"WriteDacl","IsInherited":true},{"PrincipalSID":"HOLO.LIVE-S-1-5-32-544","PrincipalType":"Group","RightName":"WriteOwner","IsInherited":true}],"ObjectIdentifier":"27133631-661F-43F6-A95A-804DDAB0A018","IsDeleted":false,"IsACLProtected":false},{"Properties":{"domain":"HOLO.LIVE","name":"POLICIES@HOLO.LIVE","distinguishedname":"CN=POLICIES,CN=SYSTEM,DC=HOLO,DC=LIVE","domainsid":"S-1-5-21-471847105-3603022926-1728018720","highvalue":false},"ChildObjects":[],"Aces":[{"PrincipalSID":"S-1-5-21-471847105-3603022926-1728018720-512","PrincipalType":"Group","RightName":"Owns","IsInherited":false},{"PrincipalSID":"S-1-5-21-471847105-3603022926-1728018720-512","PrincipalType":"Group","RightName":"WriteDacl","IsInherited":false},{"PrincipalSID":"S-1-5-21-471847105-3603022926-1728018720-512","PrincipalType":"Group","RightName":"WriteOwner","IsInherited":false},{"PrincipalSID":"S-1-5-21-471847105-3603022926-1728018720-519","PrincipalType":"Group","RightName":"GenericAll","IsInherited":true},{"PrincipalSID":"HOLO.LIVE-S-1-5-32-544","PrincipalType":"Group","RightName":"WriteDacl","IsInherited":true},{"PrincipalSID":"HOLO.LIVE-S-1-5-32-544","PrincipalType":"Group","RightName":"WriteOwner","IsInherited":true}],"ObjectIdentifier":"2057AF61-6226-4968-B5C5-909C1D7B5D32","IsDeleted":false,"IsACLProtected":false},{"Properties":{"domain":"HOLO.LIVE","name":"WINSOCKSERVICES@HOLO.LIVE","distinguishedname":"CN=WINSOCKSERVICES,CN=SYSTEM,DC=HOLO,DC=LIVE","domainsid":"S-1-5-21-471847105-3603022926-1728018720","highvalue":false},"ChildObjects":[],"Aces":[{"PrincipalSID":"S-1-5-21-471847105-3603022926-1728018720-512","PrincipalType":"Group","RightName":"Owns","IsInherited":false},{"PrincipalSID":"S-1-5-21-471847105-3603022926-1728018720-512","PrincipalType":"Group","RightName":"WriteDacl","IsInherited":false},{"PrincipalSID":"S-1-5-21-471847105-3603022926-1728018720-512","PrincipalType":"Group","RightName":"WriteOwner","IsInherited":false},{"PrincipalSID":"S-1-5-21-471847105-3603022926-1728018720-519","PrincipalType":"Group","RightName":"GenericAll","IsInherited":true},{"PrincipalSID":"HOLO.LIVE-S-1-5-32-544","PrincipalType":"Group","RightName":"WriteDacl","IsInherited":true},{"PrincipalSID":"HOLO.LIVE-S-1-5-32-544","PrincipalType":"Group","RightName":"WriteOwner","IsInherited":true}],"ObjectIdentifier":"8B4FCA24-60BC-4B8A-9EBB-52B802788BE7","IsDeleted":false,"IsACLProtected":false},{"Properties":{"domain":"HOLO.LIVE","name":"COMPUTERS@HOLO.LIVE","distinguishedname":"CN=COMPUTERS,DC=HOLO,DC=LIVE","domainsid":"S-1-5-21-471847105-3603022926-1728018720","highvalue":false},"ChildObjects":[{"ObjectIdentifier":"S-1-5-21-471847105-3603022926-1728018720-1120","ObjectType":"Computer"},{"ObjectIdentifier":"S-1-5-21-471847105-3603022926-1728018720-1112","ObjectType":"Computer"},{"ObjectIdentifier":"S-1-5-21-471847105-3603022926-1728018720-1138","ObjectType":"Computer"}],"Aces":[{"PrincipalSID":"S-1-5-21-471847105-3603022926-1728018720-512","PrincipalType":"Group","RightName":"Owns","IsInherited":false},{"PrincipalSID":"S-1-5-21-471847105-3603022926-1728018720-512","PrincipalType":"Group","RightName":"WriteDacl","IsInherited":false},{"PrincipalSID":"S-1-5-21-471847105-3603022926-1728018720-512","PrincipalType":"Group","RightName":"WriteOwner","IsInherited":false},{"PrincipalSID":"S-1-5-21-471847105-3603022926-1728018720-519","PrincipalType":"Group","RightName":"GenericAll","IsInherited":true},{"PrincipalSID":"HOLO.LIVE-S-1-5-32-544","PrincipalType":"Group","RightName":"WriteDacl","IsInherited":true},{"PrincipalSID":"HOLO.LIVE-S-1-5-32-544","PrincipalType":"Group","RightName":"WriteOwner","IsInherited":true}],"ObjectIdentifier":"D0F79ACE-356D-4D61-AE30-D2A8F1A4666B","IsDeleted":false,"IsACLProtected":false},{"Properties":{"domain":"HOLO.LIVE","name":"RPCSERVICES@HOLO.LIVE","distinguishedname":"CN=RPCSERVICES,CN=SYSTEM,DC=HOLO,DC=LIVE","domainsid":"S-1-5-21-471847105-3603022926-1728018720","highvalue":false},"ChildObjects":[],"Aces":[{"PrincipalSID":"S-1-5-21-471847105-3603022926-1728018720-512","PrincipalType":"Group","RightName":"Owns","IsInherited":false},{"PrincipalSID":"S-1-5-21-471847105-3603022926-1728018720-512","PrincipalType":"Group","RightName":"WriteDacl","IsInherited":false},{"PrincipalSID":"S-1-5-21-471847105-3603022926-1728018720-512","PrincipalType":"Group","RightName":"WriteOwner","IsInherited":false},{"PrincipalSID":"S-1-5-21-471847105-3603022926-1728018720-519","PrincipalType":"Group","RightName":"GenericAll","IsInherited":true},{"PrincipalSID":"HOLO.LIVE-S-1-5-32-544","PrincipalType":"Group","RightName":"WriteDacl","IsInherited":true},{"PrincipalSID":"HOLO.LIVE-S-1-5-32-544","PrincipalType":"Group","RightName":"WriteOwner","IsInherited":true}],"ObjectIdentifier":"78349C77-666C-402E-8AF8-AB51A59C12FA","IsDeleted":false,"IsACLProtected":false},{"Properties":{"domain":"HOLO.LIVE","name":"COMPARTITIONSETS@HOLO.LIVE","distinguishedname":"CN=COMPARTITIONSETS,CN=SYSTEM,DC=HOLO,DC=LIVE","domainsid":"S-1-5-21-471847105-3603022926-1728018720","highvalue":false},"ChildObjects":[],"Aces":[{"PrincipalSID":"S-1-5-21-471847105-3603022926-1728018720-512","PrincipalType":"Group","RightName":"Owns","IsInherited":false},{"PrincipalSID":"S-1-5-21-471847105-3603022926-1728018720-512","PrincipalType":"Group","RightName":"WriteDacl","IsInherited":false},{"PrincipalSID":"S-1-5-21-471847105-3603022926-1728018720-512","PrincipalType":"Group","RightName":"WriteOwner","IsInherited":false},{"PrincipalSID":"S-1-5-21-471847105-3603022926-1728018720-519","PrincipalType":"Group","RightName":"GenericAll","IsInherited":true},{"PrincipalSID":"HOLO.LIVE-S-1-5-32-544","PrincipalType":"Group","RightName":"WriteDacl","IsInherited":true},{"PrincipalSID":"HOLO.LIVE-S-1-5-32-544","PrincipalType":"Group","RightName":"WriteOwner","IsInherited":true}],"ObjectIdentifier":"FC91C6B0-BB35-4E63-B99C-D0F735B59D6D","IsDeleted":false,"IsACLProtected":false},{"Properties":{"domain":"HOLO.LIVE","name":"SYSTEM@HOLO.LIVE","distinguishedname":"CN=SYSTEM,DC=HOLO,DC=LIVE","domainsid":"S-1-5-21-471847105-3603022926-1728018720","highvalue":false},"ChildObjects":[],"Aces":[{"PrincipalSID":"S-1-5-21-471847105-3603022926-1728018720-512","PrincipalType":"Group","RightName":"Owns","IsInherited":false},{"PrincipalSID":"S-1-5-21-471847105-3603022926-1728018720-512","PrincipalType":"Group","RightName":"WriteDacl","IsInherited":false},{"PrincipalSID":"S-1-5-21-471847105-3603022926-1728018720-512","PrincipalType":"Group","RightName":"WriteOwner","IsInherited":false},{"PrincipalSID":"S-1-5-21-471847105-3603022926-1728018720-519","PrincipalType":"Group","RightName":"GenericAll","IsInherited":true},{"PrincipalSID":"HOLO.LIVE-S-1-5-32-544","PrincipalType":"Group","RightName":"WriteDacl","IsInherited":true},{"PrincipalSID":"HOLO.LIVE-S-1-5-32-544","PrincipalType":"Group","RightName":"WriteOwner","IsInherited":true}],"ObjectIdentifier":"A520EB87-9479-4540-A8C8-D26A55CE6EEF","IsDeleted":false,"IsACLProtected":false},{"Properties":{"domain":"HOLO.LIVE","name":"MANAGED SERVICE ACCOUNTS@HOLO.LIVE","distinguishedname":"CN=MANAGED SERVICE ACCOUNTS,DC=HOLO,DC=LIVE","domainsid":"S-1-5-21-471847105-3603022926-1728018720","highvalue":false},"ChildObjects":[],"Aces":[{"PrincipalSID":"S-1-5-21-471847105-3603022926-1728018720-512","PrincipalType":"Group","RightName":"Owns","IsInherited":false},{"PrincipalSID":"S-1-5-21-471847105-3603022926-1728018720-512","PrincipalType":"Group","RightName":"WriteDacl","IsInherited":false},{"PrincipalSID":"S-1-5-21-471847105-3603022926-1728018720-512","PrincipalType":"Group","RightName":"WriteOwner","IsInherited":false},{"PrincipalSID":"S-1-5-21-471847105-3603022926-1728018720-519","PrincipalType":"Group","RightName":"GenericAll","IsInherited":true},{"PrincipalSID":"HOLO.LIVE-S-1-5-32-544","PrincipalType":"Group","RightName":"WriteDacl","IsInherited":true},{"PrincipalSID":"HOLO.LIVE-S-1-5-32-544","PrincipalType":"Group","RightName":"WriteOwner","IsInherited":true}],"ObjectIdentifier":"9DF858C1-857E-4AB6-9834-D474534D6677","IsDeleted":false,"IsACLProtected":false},{"Properties":{"domain":"HOLO.LIVE","name":"FOREIGNSECURITYPRINCIPALS@HOLO.LIVE","distinguishedname":"CN=FOREIGNSECURITYPRINCIPALS,DC=HOLO,DC=LIVE","domainsid":"S-1-5-21-471847105-3603022926-1728018720","highvalue":false},"ChildObjects":[],"Aces":[{"PrincipalSID":"S-1-5-21-471847105-3603022926-1728018720-512","PrincipalType":"Group","RightName":"Owns","IsInherited":false},{"PrincipalSID":"S-1-5-21-471847105-3603022926-1728018720-512","PrincipalType":"Group","RightName":"GenericAll","IsInherited":false},{"PrincipalSID":"S-1-5-21-471847105-3603022926-1728018720-519","PrincipalType":"Group","RightName":"GenericAll","IsInherited":true},{"PrincipalSID":"HOLO.LIVE-S-1-5-32-544","PrincipalType":"Group","RightName":"WriteDacl","IsInherited":true},{"PrincipalSID":"HOLO.LIVE-S-1-5-32-544","PrincipalType":"Group","RightName":"WriteOwner","IsInherited":true}],"ObjectIdentifier":"9D18EBFB-35C9-4137-BFDC-3FACB296C3A5","IsDeleted":false,"IsACLProtected":false},{"Properties":{"domain":"HOLO.LIVE","name":"PROGRAM DATA@HOLO.LIVE","distinguishedname":"CN=PROGRAM DATA,DC=HOLO,DC=LIVE","domainsid":"S-1-5-21-471847105-3603022926-1728018720","highvalue":false},"ChildObjects":[],"Aces":[{"PrincipalSID":"S-1-5-21-471847105-3603022926-1728018720-512","PrincipalType":"Group","RightName":"Owns","IsInherited":false},{"PrincipalSID":"S-1-5-21-471847105-3603022926-1728018720-512","PrincipalType":"Group","RightName":"GenericAll","IsInherited":false},{"PrincipalSID":"S-1-5-21-471847105-3603022926-1728018720-519","PrincipalType":"Group","RightName":"GenericAll","IsInherited":true},{"PrincipalSID":"HOLO.LIVE-S-1-5-32-544","PrincipalType":"Group","RightName":"WriteDacl","IsInherited":true},{"PrincipalSID":"HOLO.LIVE-S-1-5-32-544","PrincipalType":"Group","RightName":"WriteOwner","IsInherited":true}],"ObjectIdentifier":"B2C61A60-CA5C-4F21-897D-A9047AFAE816","IsDeleted":false,"IsACLProtected":false},{"Properties":{"domain":"HOLO.LIVE","name":"MEETINGS@HOLO.LIVE","distinguishedname":"CN=MEETINGS,CN=SYSTEM,DC=HOLO,DC=LIVE","domainsid":"S-1-5-21-471847105-3603022926-1728018720","highvalue":false},"ChildObjects":[],"Aces":[{"PrincipalSID":"S-1-5-21-471847105-3603022926-1728018720-512","PrincipalType":"Group","RightName":"Owns","IsInherited":false},{"PrincipalSID":"S-1-5-21-471847105-3603022926-1728018720-512","PrincipalType":"Group","RightName":"WriteDacl","IsInherited":false},{"PrincipalSID":"S-1-5-21-471847105-3603022926-1728018720-512","PrincipalType":"Group","RightName":"WriteOwner","IsInherited":false},{"PrincipalSID":"S-1-5-21-471847105-3603022926-1728018720-519","PrincipalType":"Group","RightName":"GenericAll","IsInherited":true},{"PrincipalSID":"HOLO.LIVE-S-1-5-32-544","PrincipalType":"Group","RightName":"WriteDacl","IsInherited":true},{"PrincipalSID":"HOLO.LIVE-S-1-5-32-544","PrincipalType":"Group","RightName":"WriteOwner","IsInherited":true}],"ObjectIdentifier":"E4FFAC39-5948-44F7-A49F-968FAF6F020F","IsDeleted":false,"IsACLProtected":false},{"Properties":{"domain":"HOLO.LIVE","name":"MICROSOFT@HOLO.LIVE","distinguishedname":"CN=MICROSOFT,CN=PROGRAM DATA,DC=HOLO,DC=LIVE","domainsid":"S-1-5-21-471847105-3603022926-1728018720","highvalue":false},"ChildObjects":[],"Aces":[{"PrincipalSID":"S-1-5-21-471847105-3603022926-1728018720-512","PrincipalType":"Group","RightName":"Owns","IsInherited":false},{"PrincipalSID":"S-1-5-21-471847105-3603022926-1728018720-512","PrincipalType":"Group","RightName":"GenericAll","IsInherited":false},{"PrincipalSID":"S-1-5-21-471847105-3603022926-1728018720-519","PrincipalType":"Group","RightName":"GenericAll","IsInherited":true},{"PrincipalSID":"HOLO.LIVE-S-1-5-32-544","PrincipalType":"Group","RightName":"WriteDacl","IsInherited":true},{"PrincipalSID":"HOLO.LIVE-S-1-5-32-544","PrincipalType":"Group","RightName":"WriteOwner","IsInherited":true}],"ObjectIdentifier":"AB2FC2FA-2D65-4D67-AAB8-21196A17FC0A","IsDeleted":false,"IsACLProtected":false}],"meta":{"methods":29695,"type":"containers","count":20,"version":5}}