﻿{"data":[{"GPOChanges":{"LocalAdmins":[],"RemoteDesktopUsers":[],"DcomUsers":[],"PSRemoteUsers":[],"AffectedComputers":[{"ObjectIdentifier":"S-1-5-21-471847105-3603022926-1728018720-1008","ObjectType":"Computer"},{"ObjectIdentifier":"S-1-5-21-471847105-3603022926-1728018720-1112","ObjectType":"Computer"},{"ObjectIdentifier":"S-1-5-21-471847105-3603022926-1728018720-1120","ObjectType":"Computer"},{"ObjectIdentifier":"S-1-5-21-471847105-3603022926-1728018720-1138","ObjectType":"Computer"}]},"Properties":{"domain":"HOLO.LIVE","name":"HOLO.LIVE","distinguishedname":"DC=HOLO,DC=LIVE","domainsid":"S-1-5-21-471847105-3603022926-1728018720","highvalue":true,"description":null,"whencreated":1603410112,"functionallevel":"2016"},"ChildObjects":[{"ObjectIdentifier":"D0F79ACE-356D-4D61-AE30-D2A8F1A4666B","ObjectType":"Container"},{"ObjectIdentifier":"D542FAE6-7C52-4B1A-9D49-AECDBC0837EA","ObjectType":"OU"},{"ObjectIdentifier":"EAF11B58-BE9A-447F-8C6B-85D556485B02","ObjectType":"OU"},{"ObjectIdentifier":"9D18EBFB-35C9-4137-BFDC-3FACB296C3A5","ObjectType":"Container"},{"ObjectIdentifier":"B620016B-8581-4C23-B9F9-8185CF04D728","ObjectType":"OU"},{"ObjectIdentifier":"38D81133-667A-4012-B8B5-93A2B7256601","ObjectType":"OU"},{"ObjectIdentifier":"9DF858C1-857E-4AB6-9834-D474534D6677","ObjectType":"Container"},{"ObjectIdentifier":"077B6EA4-A6C8-4546-9981-522BC4542A4D","ObjectType":"OU"},{"ObjectIdentifier":"DD193B32-DF7D-4666-A0E3-CA60DF3FFE19","ObjectType":"Container"}],"Trusts":[],"Links":[{"IsEnforced":false,"GUID":"5D03DE40-73DD-48D7-8EB7-90A633113913"}],"Aces":[{"PrincipalSID":"HOLO.LIVE-S-1-5-32-544","PrincipalType":"Group","RightName":"Owns","IsInherited":false},{"PrincipalSID":"HOLO.LIVE-S-1-5-32-544","PrincipalType":"Group","RightName":"WriteDacl","IsInherited":false},{"PrincipalSID":"HOLO.LIVE-S-1-5-32-544","PrincipalType":"Group","RightName":"WriteOwner","IsInherited":false},{"PrincipalSID":"HOLO.LIVE-S-1-5-32-544","PrincipalType":"Group","RightName":"AllExtendedRights","IsInherited":false},{"PrincipalSID":"S-1-5-21-471847105-3603022926-1728018720-512","PrincipalType":"Group","RightName":"WriteDacl","IsInherited":false},{"PrincipalSID":"S-1-5-21-471847105-3603022926-1728018720-512","PrincipalType":"Group","RightName":"WriteOwner","IsInherited":false},{"PrincipalSID":"S-1-5-21-471847105-3603022926-1728018720-512","PrincipalType":"Group","RightName":"AllExtendedRights","IsInherited":false},{"PrincipalSID":"S-1-5-21-471847105-3603022926-1728018720-519","PrincipalType":"Group","RightName":"GenericAll","IsInherited":false},{"PrincipalSID":"HOLO.LIVE-S-1-5-9","PrincipalType":"Group","RightName":"GetChangesInFilteredSet","IsInherited":false},{"PrincipalSID":"HOLO.LIVE-S-1-5-9","PrincipalType":"Group","RightName":"GetChanges","IsInherited":false},{"PrincipalSID":"HOLO.LIVE-S-1-5-32-544","PrincipalType":"Group","RightName":"GetChangesAll","IsInherited":false},{"PrincipalSID":"HOLO.LIVE-S-1-5-32-544","PrincipalType":"Group","RightName":"GetChanges","IsInherited":false},{"PrincipalSID":"HOLO.LIVE-S-1-5-32-544","PrincipalType":"Group","RightName":"GetChangesInFilteredSet","IsInherited":false},{"PrincipalSID":"S-1-5-21-471847105-3603022926-1728018720-498","PrincipalType":"Group","RightName":"GetChanges","IsInherited":false},{"PrincipalSID":"S-1-5-21-471847105-3603022926-1728018720-516","PrincipalType":"Group","RightName":"GetChangesAll","IsInherited":false},{"PrincipalSID":"S-1-5-21-471847105-3603022926-1728018720-1114","PrincipalType":"User","RightName":"GetChanges","IsInherited":false},{"PrincipalSID":"S-1-5-21-471847105-3603022926-1728018720-1114","PrincipalType":"User","RightName":"GetChangesAll","IsInherited":false}],"ObjectIdentifier":"S-1-5-21-471847105-3603022926-1728018720","IsDeleted":false,"IsACLProtected":false}],"meta":{"methods":29695,"type":"domains","count":1,"version":5}}