﻿{"data":[{"Properties":{"domain":"HOLO.LIVE","name":"S-SRV01.HOLO.LIVE","distinguishedname":"CN=S-SRV01,CN=COMPUTERS,DC=HOLO,DC=LIVE","domainsid":"S-1-5-21-471847105-3603022926-1728018720","highvalue":false,"samaccountname":"S-SRV01$","haslaps":false,"description":null,"whencreated":1603411329,"enabled":true,"unconstraineddelegation":false,"trustedtoauth":false,"lastlogon":1681473522,"lastlogontimestamp":1681471573,"pwdlastset":1640363526,"serviceprincipalnames":["TERMSRV/S-SRV01","TERMSRV/S-SRV01.holo.live","WSMAN/S-SRV01","WSMAN/S-SRV01.holo.live","RestrictedKrbHost/S-SRV01","HOST/S-SRV01","RestrictedKrbHost/S-SRV01.holo.live","HOST/S-SRV01.holo.live"],"operatingsystem":"Windows Server 2019 Datacenter","sidhistory":[]},"PrimaryGroupSID":"S-1-5-21-471847105-3603022926-1728018720-515","AllowedToDelegate":[],"AllowedToAct":[],"HasSIDHistory":[],"Sessions":{"Results":[],"Collected":false,"FailureReason":null},"PrivilegedSessions":{"Results":[],"Collected":false,"FailureReason":null},"RegistrySessions":{"Results":[],"Collected":false,"FailureReason":null},"LocalAdmins":{"Results":[],"Collected":false,"FailureReason":null},"RemoteDesktopUsers":{"Results":[],"Collected":false,"FailureReason":null},"DcomUsers":{"Results":[],"Collected":false,"FailureReason":null},"PSRemoteUsers":{"Results":[],"Collected":false,"FailureReason":null},"Status":null,"Aces":[{"PrincipalSID":"S-1-5-21-471847105-3603022926-1728018720-512","PrincipalType":"Group","RightName":"Owns","IsInherited":false},{"PrincipalSID":"HOLO.LIVE-S-1-5-32-548","PrincipalType":"Group","RightName":"GenericAll","IsInherited":false},{"PrincipalSID":"S-1-5-21-471847105-3603022926-1728018720-512","PrincipalType":"Group","RightName":"GenericAll","IsInherited":false},{"PrincipalSID":"S-1-5-21-471847105-3603022926-1728018720-1111","PrincipalType":"User","RightName":"WriteAccountRestrictions","IsInherited":false},{"PrincipalSID":"S-1-5-21-471847105-3603022926-1728018720-526","PrincipalType":"Group","RightName":"AddKeyCredentialLink","IsInherited":true},{"PrincipalSID":"S-1-5-21-471847105-3603022926-1728018720-527","PrincipalType":"Group","RightName":"AddKeyCredentialLink","IsInherited":true},{"PrincipalSID":"S-1-5-21-471847105-3603022926-1728018720-519","PrincipalType":"Group","RightName":"GenericAll","IsInherited":true},{"PrincipalSID":"HOLO.LIVE-S-1-5-32-544","PrincipalType":"Group","RightName":"WriteDacl","IsInherited":true},{"PrincipalSID":"HOLO.LIVE-S-1-5-32-544","PrincipalType":"Group","RightName":"WriteOwner","IsInherited":true},{"PrincipalSID":"HOLO.LIVE-S-1-5-32-544","PrincipalType":"Group","RightName":"GenericWrite","IsInherited":true}],"ObjectIdentifier":"S-1-5-21-471847105-3603022926-1728018720-1112","IsDeleted":false,"IsACLProtected":false},{"Properties":{"domain":"HOLO.LIVE","name":"PC-FILESRV01.HOLO.LIVE","distinguishedname":"CN=PC-FILESRV01,CN=COMPUTERS,DC=HOLO,DC=LIVE","domainsid":"S-1-5-21-471847105-3603022926-1728018720","highvalue":false,"samaccountname":"PC-FILESRV01$","haslaps":false,"description":null,"whencreated":1605474457,"enabled":true,"unconstraineddelegation":false,"trustedtoauth":false,"lastlogon":1681472414,"lastlogontimestamp":1681471445,"pwdlastset":1638664529,"serviceprincipalnames":["WSMAN/PC-FILESRV01.holo.live","TERMSRV/PC-FILESRV01.holo.live","RestrictedKrbHost/PC-FILESRV01.holo.live","HOST/PC-FILESRV01.holo.live","WSMAN/PC-FILESRV01","TERMSRV/PC-FILESRV01","RestrictedKrbHost/PC-FILESRV01","HOST/PC-FILESRV01"],"operatingsystem":"Windows Server 2019 Datacenter","sidhistory":[]},"PrimaryGroupSID":"S-1-5-21-471847105-3603022926-1728018720-515","AllowedToDelegate":[],"AllowedToAct":[],"HasSIDHistory":[],"Sessions":{"Results":[],"Collected":false,"FailureReason":null},"PrivilegedSessions":{"Results":[],"Collected":false,"FailureReason":null},"RegistrySessions":{"Results":[],"Collected":false,"FailureReason":null},"LocalAdmins":{"Results":[],"Collected":false,"FailureReason":null},"RemoteDesktopUsers":{"Results":[],"Collected":false,"FailureReason":null},"DcomUsers":{"Results":[],"Collected":false,"FailureReason":null},"PSRemoteUsers":{"Results":[],"Collected":false,"FailureReason":null},"Status":null,"Aces":[{"PrincipalSID":"S-1-5-21-471847105-3603022926-1728018720-512","PrincipalType":"Group","RightName":"Owns","IsInherited":false},{"PrincipalSID":"HOLO.LIVE-S-1-5-32-548","PrincipalType":"Group","RightName":"GenericAll","IsInherited":false},{"PrincipalSID":"S-1-5-21-471847105-3603022926-1728018720-512","PrincipalType":"Group","RightName":"GenericAll","IsInherited":false},{"PrincipalSID":"S-1-5-21-471847105-3603022926-1728018720-526","PrincipalType":"Group","RightName":"AddKeyCredentialLink","IsInherited":true},{"PrincipalSID":"S-1-5-21-471847105-3603022926-1728018720-527","PrincipalType":"Group","RightName":"AddKeyCredentialLink","IsInherited":true},{"PrincipalSID":"S-1-5-21-471847105-3603022926-1728018720-519","PrincipalType":"Group","RightName":"GenericAll","IsInherited":true},{"PrincipalSID":"HOLO.LIVE-S-1-5-32-544","PrincipalType":"Group","RightName":"WriteDacl","IsInherited":true},{"PrincipalSID":"HOLO.LIVE-S-1-5-32-544","PrincipalType":"Group","RightName":"WriteOwner","IsInherited":true},{"PrincipalSID":"HOLO.LIVE-S-1-5-32-544","PrincipalType":"Group","RightName":"GenericWrite","IsInherited":true}],"ObjectIdentifier":"S-1-5-21-471847105-3603022926-1728018720-1120","IsDeleted":false,"IsACLProtected":false},{"Properties":{"domain":"HOLO.LIVE","name":"S-SRV02.HOLO.LIVE","distinguishedname":"CN=S-SRV02,CN=COMPUTERS,DC=HOLO,DC=LIVE","domainsid":"S-1-5-21-471847105-3603022926-1728018720","highvalue":false,"samaccountname":"S-SRV02$","haslaps":false,"description":null,"whencreated":1640911158,"enabled":true,"unconstraineddelegation":false,"trustedtoauth":false,"lastlogon":1681473395,"lastlogontimestamp":1681471446,"pwdlastset":1640911158,"serviceprincipalnames":["WSMAN/S-SRV02","WSMAN/S-SRV02.holo.live","TERMSRV/S-SRV02","TERMSRV/S-SRV02.holo.live","RestrictedKrbHost/S-SRV02","HOST/S-SRV02","RestrictedKrbHost/S-SRV02.holo.live","HOST/S-SRV02.holo.live"],"operatingsystem":"Windows Server 2019 Datacenter","sidhistory":[]},"PrimaryGroupSID":"S-1-5-21-471847105-3603022926-1728018720-515","AllowedToDelegate":[],"AllowedToAct":[],"HasSIDHistory":[],"Sessions":{"Results":[],"Collected":false,"FailureReason":null},"PrivilegedSessions":{"Results":[],"Collected":false,"FailureReason":null},"RegistrySessions":{"Results":[],"Collected":false,"FailureReason":null},"LocalAdmins":{"Results":[],"Collected":false,"FailureReason":null},"RemoteDesktopUsers":{"Results":[],"Collected":false,"FailureReason":null},"DcomUsers":{"Results":[],"Collected":false,"FailureReason":null},"PSRemoteUsers":{"Results":[],"Collected":false,"FailureReason":null},"Status":null,"Aces":[{"PrincipalSID":"S-1-5-21-471847105-3603022926-1728018720-512","PrincipalType":"Group","RightName":"Owns","IsInherited":false},{"PrincipalSID":"HOLO.LIVE-S-1-5-32-548","PrincipalType":"Group","RightName":"GenericAll","IsInherited":false},{"PrincipalSID":"S-1-5-21-471847105-3603022926-1728018720-512","PrincipalType":"Group","RightName":"GenericAll","IsInherited":false},{"PrincipalSID":"S-1-5-21-471847105-3603022926-1728018720-1111","PrincipalType":"User","RightName":"WriteAccountRestrictions","IsInherited":false},{"PrincipalSID":"S-1-5-21-471847105-3603022926-1728018720-526","PrincipalType":"Group","RightName":"AddKeyCredentialLink","IsInherited":true},{"PrincipalSID":"S-1-5-21-471847105-3603022926-1728018720-527","PrincipalType":"Group","RightName":"AddKeyCredentialLink","IsInherited":true},{"PrincipalSID":"S-1-5-21-471847105-3603022926-1728018720-519","PrincipalType":"Group","RightName":"GenericAll","IsInherited":true},{"PrincipalSID":"HOLO.LIVE-S-1-5-32-544","PrincipalType":"Group","RightName":"WriteDacl","IsInherited":true},{"PrincipalSID":"HOLO.LIVE-S-1-5-32-544","PrincipalType":"Group","RightName":"WriteOwner","IsInherited":true},{"PrincipalSID":"HOLO.LIVE-S-1-5-32-544","PrincipalType":"Group","RightName":"GenericWrite","IsInherited":true}],"ObjectIdentifier":"S-1-5-21-471847105-3603022926-1728018720-1138","IsDeleted":false,"IsACLProtected":false},{"Properties":{"domain":"HOLO.LIVE","name":"DC-SRV01.HOLO.LIVE","distinguishedname":"CN=DC-SRV01,OU=DOMAIN CONTROLLERS,DC=HOLO,DC=LIVE","domainsid":"S-1-5-21-471847105-3603022926-1728018720","highvalue":false,"samaccountname":"DC-SRV01$","haslaps":false,"description":null,"whencreated":1603410210,"enabled":true,"unconstraineddelegation":true,"trustedtoauth":false,"lastlogon":1681473111,"lastlogontimestamp":1681471346,"pwdlastset":1639538968,"serviceprincipalnames":["Dfsr-12F9A27C-BF97-4787-9364-D31B6C55EB04/DC-SRV01.holo.live","ldap/DC-DC01/HOLOLIVE","HOST/DC-DC01/holo.live","ldap/DC-DC01/ForestDnsZones.holo.live","HOST/DC-DC01/HOLOLIVE","ldap/DC-SRV01/ForestDnsZones.holo.live","ldap/DC-DC01/DomainDnsZones.holo.live","HOST/DC-SRV01/holo.live","ldap/DC-SRV01/DomainDnsZones.holo.live","GC/DC-SRV01/holo.live","ldap/DC-DC01/holo.live","GC/DC-DC01/holo.live","ldap/DC-SRV01/holo.live","TERMSRV/DC-DC01","RestrictedKrbHost/DC-DC01","HOST/DC-DC01","ldap/DC-DC01","HOST/DC-SRV01/HOLOLIVE","ldap/DC-SRV01/HOLOLIVE","TERMSRV/DC-SRV01","TERMSRV/DC-SRV01.holo.live","ldap/DC-SRV01.holo.live/ForestDnsZones.holo.live","ldap/DC-SRV01.holo.live/DomainDnsZones.holo.live","DNS/DC-SRV01.holo.live","GC/DC-SRV01.holo.live/holo.live","RestrictedKrbHost/DC-SRV01.holo.live","RestrictedKrbHost/DC-SRV01","HOST/DC-SRV01.holo.live/HOLOLIVE","HOST/DC-SRV01","HOST/DC-SRV01.holo.live","HOST/DC-SRV01.holo.live/holo.live","ldap/DC-SRV01.holo.live/HOLOLIVE","ldap/DC-SRV01","ldap/DC-SRV01.holo.live","ldap/DC-SRV01.holo.live/holo.live","RPC/0dacd0ac-32e3-49cf-9a16-9b1a6f65556c._msdcs.holo.live","E3514235-4B06-11D1-AB04-00C04FC2DCD2/0dacd0ac-32e3-49cf-9a16-9b1a6f65556c/holo.live","ldap/0dacd0ac-32e3-49cf-9a16-9b1a6f65556c._msdcs.holo.live"],"operatingsystem":"Windows Server 2019 Datacenter","sidhistory":[]},"PrimaryGroupSID":"S-1-5-21-471847105-3603022926-1728018720-516","AllowedToDelegate":[],"AllowedToAct":[],"HasSIDHistory":[],"Sessions":{"Results":[],"Collected":false,"FailureReason":null},"PrivilegedSessions":{"Results":[],"Collected":false,"FailureReason":null},"RegistrySessions":{"Results":[],"Collected":false,"FailureReason":null},"LocalAdmins":{"Results":[],"Collected":false,"FailureReason":null},"RemoteDesktopUsers":{"Results":[],"Collected":false,"FailureReason":null},"DcomUsers":{"Results":[],"Collected":false,"FailureReason":null},"PSRemoteUsers":{"Results":[],"Collected":false,"FailureReason":null},"Status":null,"Aces":[{"PrincipalSID":"S-1-5-21-471847105-3603022926-1728018720-512","PrincipalType":"Group","RightName":"Owns","IsInherited":false},{"PrincipalSID":"S-1-5-21-471847105-3603022926-1728018720-512","PrincipalType":"Group","RightName":"GenericAll","IsInherited":false},{"PrincipalSID":"S-1-5-21-471847105-3603022926-1728018720-526","PrincipalType":"Group","RightName":"AddKeyCredentialLink","IsInherited":true},{"PrincipalSID":"S-1-5-21-471847105-3603022926-1728018720-527","PrincipalType":"Group","RightName":"AddKeyCredentialLink","IsInherited":true},{"PrincipalSID":"S-1-5-21-471847105-3603022926-1728018720-519","PrincipalType":"Group","RightName":"GenericAll","IsInherited":true},{"PrincipalSID":"HOLO.LIVE-S-1-5-32-544","PrincipalType":"Group","RightName":"WriteDacl","IsInherited":true},{"PrincipalSID":"HOLO.LIVE-S-1-5-32-544","PrincipalType":"Group","RightName":"WriteOwner","IsInherited":true},{"PrincipalSID":"HOLO.LIVE-S-1-5-32-544","PrincipalType":"Group","RightName":"GenericWrite","IsInherited":true}],"ObjectIdentifier":"S-1-5-21-471847105-3603022926-1728018720-1008","IsDeleted":false,"IsACLProtected":false}],"meta":{"methods":29695,"type":"computers","count":4,"version":5}}