﻿{"data":[{"Properties":{"domain":"HOLO.LIVE","name":"REPLICATORS@HOLO.LIVE","distinguishedname":"CN=REPLICATOR,CN=BUILTIN,DC=HOLO,DC=LIVE","domainsid":"S-1-5-21-471847105-3603022926-1728018720","highvalue":false,"samaccountname":"Replicator","description":"Supports file replication in a domain","whencreated":1603410120,"admincount":true},"Members":[],"Aces":[{"PrincipalSID":"S-1-5-21-471847105-3603022926-1728018720-512","PrincipalType":"Group","RightName":"Owns","IsInherited":false},{"PrincipalSID":"HOLO.LIVE-S-1-5-32-544","PrincipalType":"Group","RightName":"WriteDacl","IsInherited":false},{"PrincipalSID":"HOLO.LIVE-S-1-5-32-544","PrincipalType":"Group","RightName":"WriteOwner","IsInherited":false},{"PrincipalSID":"HOLO.LIVE-S-1-5-32-544","PrincipalType":"Group","RightName":"GenericWrite","IsInherited":false},{"PrincipalSID":"S-1-5-21-471847105-3603022926-1728018720-512","PrincipalType":"Group","RightName":"WriteDacl","IsInherited":false},{"PrincipalSID":"S-1-5-21-471847105-3603022926-1728018720-512","PrincipalType":"Group","RightName":"WriteOwner","IsInherited":false},{"PrincipalSID":"S-1-5-21-471847105-3603022926-1728018720-512","PrincipalType":"Group","RightName":"GenericWrite","IsInherited":false},{"PrincipalSID":"S-1-5-21-471847105-3603022926-1728018720-519","PrincipalType":"Group","RightName":"WriteDacl","IsInherited":false},{"PrincipalSID":"S-1-5-21-471847105-3603022926-1728018720-519","PrincipalType":"Group","RightName":"WriteOwner","IsInherited":false},{"PrincipalSID":"S-1-5-21-471847105-3603022926-1728018720-519","PrincipalType":"Group","RightName":"GenericWrite","IsInherited":false}],"ObjectIdentifier":"HOLO.LIVE-S-1-5-32-552","IsDeleted":false,"IsACLProtected":true},{"Properties":{"domain":"HOLO.LIVE","name":"ACCOUNT OPERATORS@HOLO.LIVE","distinguishedname":"CN=ACCOUNT OPERATORS,CN=BUILTIN,DC=HOLO,DC=LIVE","domainsid":"S-1-5-21-471847105-3603022926-1728018720","highvalue":true,"samaccountname":"Account Operators","description":"Members can administer domain user and group accounts","whencreated":1603410210,"admincount":true},"Members":[],"Aces":[{"PrincipalSID":"S-1-5-21-471847105-3603022926-1728018720-512","PrincipalType":"Group","RightName":"Owns","IsInherited":false},{"PrincipalSID":"HOLO.LIVE-S-1-5-32-544","PrincipalType":"Group","RightName":"WriteDacl","IsInherited":false},{"PrincipalSID":"HOLO.LIVE-S-1-5-32-544","PrincipalType":"Group","RightName":"WriteOwner","IsInherited":false},{"PrincipalSID":"HOLO.LIVE-S-1-5-32-544","PrincipalType":"Group","RightName":"GenericWrite","IsInherited":false},{"PrincipalSID":"S-1-5-21-471847105-3603022926-1728018720-512","PrincipalType":"Group","RightName":"WriteDacl","IsInherited":false},{"PrincipalSID":"S-1-5-21-471847105-3603022926-1728018720-512","PrincipalType":"Group","RightName":"WriteOwner","IsInherited":false},{"PrincipalSID":"S-1-5-21-471847105-3603022926-1728018720-512","PrincipalType":"Group","RightName":"GenericWrite","IsInherited":false},{"PrincipalSID":"S-1-5-21-471847105-3603022926-1728018720-519","PrincipalType":"Group","RightName":"WriteDacl","IsInherited":false},{"PrincipalSID":"S-1-5-21-471847105-3603022926-1728018720-519","PrincipalType":"Group","RightName":"WriteOwner","IsInherited":false},{"PrincipalSID":"S-1-5-21-471847105-3603022926-1728018720-519","PrincipalType":"Group","RightName":"GenericWrite","IsInherited":false}],"ObjectIdentifier":"HOLO.LIVE-S-1-5-32-548","IsDeleted":false,"IsACLProtected":true},{"Properties":{"domain":"HOLO.LIVE","name":"SERVER OPERATORS@HOLO.LIVE","distinguishedname":"CN=SERVER OPERATORS,CN=BUILTIN,DC=HOLO,DC=LIVE","domainsid":"S-1-5-21-471847105-3603022926-1728018720","highvalue":true,"samaccountname":"Server Operators","description":"Members can administer domain servers","whencreated":1603410210,"admincount":true},"Members":[],"Aces":[{"PrincipalSID":"S-1-5-21-471847105-3603022926-1728018720-512","PrincipalType":"Group","RightName":"Owns","IsInherited":false},{"PrincipalSID":"HOLO.LIVE-S-1-5-32-544","PrincipalType":"Group","RightName":"WriteDacl","IsInherited":false},{"PrincipalSID":"HOLO.LIVE-S-1-5-32-544","PrincipalType":"Group","RightName":"WriteOwner","IsInherited":false},{"PrincipalSID":"HOLO.LIVE-S-1-5-32-544","PrincipalType":"Group","RightName":"GenericWrite","IsInherited":false},{"PrincipalSID":"S-1-5-21-471847105-3603022926-1728018720-512","PrincipalType":"Group","RightName":"WriteDacl","IsInherited":false},{"PrincipalSID":"S-1-5-21-471847105-3603022926-1728018720-512","PrincipalType":"Group","RightName":"WriteOwner","IsInherited":false},{"PrincipalSID":"S-1-5-21-471847105-3603022926-1728018720-512","PrincipalType":"Group","RightName":"GenericWrite","IsInherited":false},{"PrincipalSID":"S-1-5-21-471847105-3603022926-1728018720-519","PrincipalType":"Group","RightName":"WriteDacl","IsInherited":false},{"PrincipalSID":"S-1-5-21-471847105-3603022926-1728018720-519","PrincipalType":"Group","RightName":"WriteOwner","IsInherited":false},{"PrincipalSID":"S-1-5-21-471847105-3603022926-1728018720-519","PrincipalType":"Group","RightName":"GenericWrite","IsInherited":false}],"ObjectIdentifier":"HOLO.LIVE-S-1-5-32-549","IsDeleted":false,"IsACLProtected":true},{"Properties":{"domain":"HOLO.LIVE","name":"PRINT OPERATORS@HOLO.LIVE","distinguishedname":"CN=PRINT OPERATORS,CN=BUILTIN,DC=HOLO,DC=LIVE","domainsid":"S-1-5-21-471847105-3603022926-1728018720","highvalue":true,"samaccountname":"Print Operators","description":"Members can administer printers installed on domain controllers","whencreated":1603410120,"admincount":true},"Members":[],"Aces":[{"PrincipalSID":"S-1-5-21-471847105-3603022926-1728018720-512","PrincipalType":"Group","RightName":"Owns","IsInherited":false},{"PrincipalSID":"HOLO.LIVE-S-1-5-32-544","PrincipalType":"Group","RightName":"WriteDacl","IsInherited":false},{"PrincipalSID":"HOLO.LIVE-S-1-5-32-544","PrincipalType":"Group","RightName":"WriteOwner","IsInherited":false},{"PrincipalSID":"HOLO.LIVE-S-1-5-32-544","PrincipalType":"Group","RightName":"GenericWrite","IsInherited":false},{"PrincipalSID":"S-1-5-21-471847105-3603022926-1728018720-512","PrincipalType":"Group","RightName":"WriteDacl","IsInherited":false},{"PrincipalSID":"S-1-5-21-471847105-3603022926-1728018720-512","PrincipalType":"Group","RightName":"WriteOwner","IsInherited":false},{"PrincipalSID":"S-1-5-21-471847105-3603022926-1728018720-512","PrincipalType":"Group","RightName":"GenericWrite","IsInherited":false},{"PrincipalSID":"S-1-5-21-471847105-3603022926-1728018720-519","PrincipalType":"Group","RightName":"WriteDacl","IsInherited":false},{"PrincipalSID":"S-1-5-21-471847105-3603022926-1728018720-519","PrincipalType":"Group","RightName":"WriteOwner","IsInherited":false},{"PrincipalSID":"S-1-5-21-471847105-3603022926-1728018720-519","PrincipalType":"Group","RightName":"GenericWrite","IsInherited":false}],"ObjectIdentifier":"HOLO.LIVE-S-1-5-32-550","IsDeleted":false,"IsACLProtected":true},{"Properties":{"domain":"HOLO.LIVE","name":"BACKUP OPERATORS@HOLO.LIVE","distinguishedname":"CN=BACKUP OPERATORS,CN=BUILTIN,DC=HOLO,DC=LIVE","domainsid":"S-1-5-21-471847105-3603022926-1728018720","highvalue":true,"samaccountname":"Backup Operators","description":"Backup Operators can override security restrictions for the sole purpose of backing up or restoring files","whencreated":1603410120,"admincount":true},"Members":[],"Aces":[{"PrincipalSID":"S-1-5-21-471847105-3603022926-1728018720-512","PrincipalType":"Group","RightName":"Owns","IsInherited":false},{"PrincipalSID":"HOLO.LIVE-S-1-5-32-544","PrincipalType":"Group","RightName":"WriteDacl","IsInherited":false},{"PrincipalSID":"HOLO.LIVE-S-1-5-32-544","PrincipalType":"Group","RightName":"WriteOwner","IsInherited":false},{"PrincipalSID":"HOLO.LIVE-S-1-5-32-544","PrincipalType":"Group","RightName":"GenericWrite","IsInherited":false},{"PrincipalSID":"S-1-5-21-471847105-3603022926-1728018720-512","PrincipalType":"Group","RightName":"WriteDacl","IsInherited":false},{"PrincipalSID":"S-1-5-21-471847105-3603022926-1728018720-512","PrincipalType":"Group","RightName":"WriteOwner","IsInherited":false},{"PrincipalSID":"S-1-5-21-471847105-3603022926-1728018720-512","PrincipalType":"Group","RightName":"GenericWrite","IsInherited":false},{"PrincipalSID":"S-1-5-21-471847105-3603022926-1728018720-519","PrincipalType":"Group","RightName":"WriteDacl","IsInherited":false},{"PrincipalSID":"S-1-5-21-471847105-3603022926-1728018720-519","PrincipalType":"Group","RightName":"WriteOwner","IsInherited":false},{"PrincipalSID":"S-1-5-21-471847105-3603022926-1728018720-519","PrincipalType":"Group","RightName":"GenericWrite","IsInherited":false}],"ObjectIdentifier":"HOLO.LIVE-S-1-5-32-551","IsDeleted":false,"IsACLProtected":true},{"Properties":{"domain":"HOLO.LIVE","name":"ADMINISTRATORS@HOLO.LIVE","distinguishedname":"CN=ADMINISTRATORS,CN=BUILTIN,DC=HOLO,DC=LIVE","domainsid":"S-1-5-21-471847105-3603022926-1728018720","highvalue":true,"samaccountname":"Administrators","description":"Administrators have complete and unrestricted access to the computer/domain","whencreated":1603410120,"admincount":true},"Members":[{"ObjectIdentifier":"S-1-5-21-471847105-3603022926-1728018720-1140","ObjectType":"User"},{"ObjectIdentifier":"S-1-5-21-471847105-3603022926-1728018720-1126","ObjectType":"User"},{"ObjectIdentifier":"S-1-5-21-471847105-3603022926-1728018720-1122","ObjectType":"User"},{"ObjectIdentifier":"S-1-5-21-471847105-3603022926-1728018720-1119","ObjectType":"User"},{"ObjectIdentifier":"S-1-5-21-471847105-3603022926-1728018720-512","ObjectType":"Group"},{"ObjectIdentifier":"S-1-5-21-471847105-3603022926-1728018720-519","ObjectType":"Group"},{"ObjectIdentifier":"S-1-5-21-471847105-3603022926-1728018720-500","ObjectType":"User"}],"Aces":[{"PrincipalSID":"S-1-5-21-471847105-3603022926-1728018720-512","PrincipalType":"Group","RightName":"Owns","IsInherited":false},{"PrincipalSID":"HOLO.LIVE-S-1-5-32-544","PrincipalType":"Group","RightName":"WriteDacl","IsInherited":false},{"PrincipalSID":"HOLO.LIVE-S-1-5-32-544","PrincipalType":"Group","RightName":"WriteOwner","IsInherited":false},{"PrincipalSID":"HOLO.LIVE-S-1-5-32-544","PrincipalType":"Group","RightName":"GenericWrite","IsInherited":false},{"PrincipalSID":"S-1-5-21-471847105-3603022926-1728018720-512","PrincipalType":"Group","RightName":"WriteDacl","IsInherited":false},{"PrincipalSID":"S-1-5-21-471847105-3603022926-1728018720-512","PrincipalType":"Group","RightName":"WriteOwner","IsInherited":false},{"PrincipalSID":"S-1-5-21-471847105-3603022926-1728018720-512","PrincipalType":"Group","RightName":"GenericWrite","IsInherited":false},{"PrincipalSID":"S-1-5-21-471847105-3603022926-1728018720-519","PrincipalType":"Group","RightName":"WriteDacl","IsInherited":false},{"PrincipalSID":"S-1-5-21-471847105-3603022926-1728018720-519","PrincipalType":"Group","RightName":"WriteOwner","IsInherited":false},{"PrincipalSID":"S-1-5-21-471847105-3603022926-1728018720-519","PrincipalType":"Group","RightName":"GenericWrite","IsInherited":false}],"ObjectIdentifier":"HOLO.LIVE-S-1-5-32-544","IsDeleted":false,"IsACLProtected":true},{"Properties":{"domain":"HOLO.LIVE","name":"SCHEMA ADMINS@HOLO.LIVE","distinguishedname":"CN=SCHEMA ADMINS,OU=GROUPS,DC=HOLO,DC=LIVE","domainsid":"S-1-5-21-471847105-3603022926-1728018720","highvalue":false,"samaccountname":"Schema Admins","description":"Designated administrators of the schema","whencreated":1603410210,"admincount":true},"Members":[{"ObjectIdentifier":"S-1-5-21-471847105-3603022926-1728018720-1126","ObjectType":"User"},{"ObjectIdentifier":"S-1-5-21-471847105-3603022926-1728018720-1122","ObjectType":"User"},{"ObjectIdentifier":"S-1-5-21-471847105-3603022926-1728018720-500","ObjectType":"User"}],"Aces":[{"PrincipalSID":"S-1-5-21-471847105-3603022926-1728018720-512","PrincipalType":"Group","RightName":"Owns","IsInherited":false},{"PrincipalSID":"HOLO.LIVE-S-1-5-32-544","PrincipalType":"Group","RightName":"WriteDacl","IsInherited":false},{"PrincipalSID":"HOLO.LIVE-S-1-5-32-544","PrincipalType":"Group","RightName":"WriteOwner","IsInherited":false},{"PrincipalSID":"HOLO.LIVE-S-1-5-32-544","PrincipalType":"Group","RightName":"GenericWrite","IsInherited":false},{"PrincipalSID":"S-1-5-21-471847105-3603022926-1728018720-512","PrincipalType":"Group","RightName":"WriteDacl","IsInherited":false},{"PrincipalSID":"S-1-5-21-471847105-3603022926-1728018720-512","PrincipalType":"Group","RightName":"WriteOwner","IsInherited":false},{"PrincipalSID":"S-1-5-21-471847105-3603022926-1728018720-512","PrincipalType":"Group","RightName":"GenericWrite","IsInherited":false},{"PrincipalSID":"S-1-5-21-471847105-3603022926-1728018720-519","PrincipalType":"Group","RightName":"WriteDacl","IsInherited":false},{"PrincipalSID":"S-1-5-21-471847105-3603022926-1728018720-519","PrincipalType":"Group","RightName":"WriteOwner","IsInherited":false},{"PrincipalSID":"S-1-5-21-471847105-3603022926-1728018720-519","PrincipalType":"Group","RightName":"GenericWrite","IsInherited":false}],"ObjectIdentifier":"S-1-5-21-471847105-3603022926-1728018720-518","IsDeleted":false,"IsACLProtected":true},{"Properties":{"domain":"HOLO.LIVE","name":"ENTERPRISE ADMINS@HOLO.LIVE","distinguishedname":"CN=ENTERPRISE ADMINS,OU=GROUPS,DC=HOLO,DC=LIVE","domainsid":"S-1-5-21-471847105-3603022926-1728018720","highvalue":true,"samaccountname":"Enterprise Admins","description":"Designated administrators of the enterprise","whencreated":1603410210,"admincount":true},"Members":[{"ObjectIdentifier":"S-1-5-21-471847105-3603022926-1728018720-1126","ObjectType":"User"},{"ObjectIdentifier":"S-1-5-21-471847105-3603022926-1728018720-1122","ObjectType":"User"},{"ObjectIdentifier":"S-1-5-21-471847105-3603022926-1728018720-500","ObjectType":"User"}],"Aces":[{"PrincipalSID":"S-1-5-21-471847105-3603022926-1728018720-512","PrincipalType":"Group","RightName":"Owns","IsInherited":false},{"PrincipalSID":"HOLO.LIVE-S-1-5-32-544","PrincipalType":"Group","RightName":"WriteDacl","IsInherited":false},{"PrincipalSID":"HOLO.LIVE-S-1-5-32-544","PrincipalType":"Group","RightName":"WriteOwner","IsInherited":false},{"PrincipalSID":"HOLO.LIVE-S-1-5-32-544","PrincipalType":"Group","RightName":"GenericWrite","IsInherited":false},{"PrincipalSID":"S-1-5-21-471847105-3603022926-1728018720-512","PrincipalType":"Group","RightName":"WriteDacl","IsInherited":false},{"PrincipalSID":"S-1-5-21-471847105-3603022926-1728018720-512","PrincipalType":"Group","RightName":"WriteOwner","IsInherited":false},{"PrincipalSID":"S-1-5-21-471847105-3603022926-1728018720-512","PrincipalType":"Group","RightName":"GenericWrite","IsInherited":false},{"PrincipalSID":"S-1-5-21-471847105-3603022926-1728018720-519","PrincipalType":"Group","RightName":"WriteDacl","IsInherited":false},{"PrincipalSID":"S-1-5-21-471847105-3603022926-1728018720-519","PrincipalType":"Group","RightName":"WriteOwner","IsInherited":false},{"PrincipalSID":"S-1-5-21-471847105-3603022926-1728018720-519","PrincipalType":"Group","RightName":"GenericWrite","IsInherited":false}],"ObjectIdentifier":"S-1-5-21-471847105-3603022926-1728018720-519","IsDeleted":false,"IsACLProtected":true},{"Properties":{"domain":"HOLO.LIVE","name":"DOMAIN ADMINS@HOLO.LIVE","distinguishedname":"CN=DOMAIN ADMINS,OU=GROUPS,DC=HOLO,DC=LIVE","domainsid":"S-1-5-21-471847105-3603022926-1728018720","highvalue":true,"samaccountname":"Domain Admins","description":"Designated administrators of the domain","whencreated":1603410210,"admincount":true},"Members":[{"ObjectIdentifier":"S-1-5-21-471847105-3603022926-1728018720-1140","ObjectType":"User"},{"ObjectIdentifier":"S-1-5-21-471847105-3603022926-1728018720-1126","ObjectType":"User"},{"ObjectIdentifier":"S-1-5-21-471847105-3603022926-1728018720-1122","ObjectType":"User"},{"ObjectIdentifier":"S-1-5-21-471847105-3603022926-1728018720-1119","ObjectType":"User"},{"ObjectIdentifier":"S-1-5-21-471847105-3603022926-1728018720-500","ObjectType":"User"}],"Aces":[{"PrincipalSID":"S-1-5-21-471847105-3603022926-1728018720-512","PrincipalType":"Group","RightName":"Owns","IsInherited":false},{"PrincipalSID":"HOLO.LIVE-S-1-5-32-544","PrincipalType":"Group","RightName":"WriteDacl","IsInherited":false},{"PrincipalSID":"HOLO.LIVE-S-1-5-32-544","PrincipalType":"Group","RightName":"WriteOwner","IsInherited":false},{"PrincipalSID":"HOLO.LIVE-S-1-5-32-544","PrincipalType":"Group","RightName":"GenericWrite","IsInherited":false},{"PrincipalSID":"S-1-5-21-471847105-3603022926-1728018720-512","PrincipalType":"Group","RightName":"WriteDacl","IsInherited":false},{"PrincipalSID":"S-1-5-21-471847105-3603022926-1728018720-512","PrincipalType":"Group","RightName":"WriteOwner","IsInherited":false},{"PrincipalSID":"S-1-5-21-471847105-3603022926-1728018720-512","PrincipalType":"Group","RightName":"GenericWrite","IsInherited":false},{"PrincipalSID":"S-1-5-21-471847105-3603022926-1728018720-519","PrincipalType":"Group","RightName":"WriteDacl","IsInherited":false},{"PrincipalSID":"S-1-5-21-471847105-3603022926-1728018720-519","PrincipalType":"Group","RightName":"WriteOwner","IsInherited":false},{"PrincipalSID":"S-1-5-21-471847105-3603022926-1728018720-519","PrincipalType":"Group","RightName":"GenericWrite","IsInherited":false}],"ObjectIdentifier":"S-1-5-21-471847105-3603022926-1728018720-512","IsDeleted":false,"IsACLProtected":true},{"Properties":{"domain":"HOLO.LIVE","name":"GROUP POLICY CREATOR OWNERS@HOLO.LIVE","distinguishedname":"CN=GROUP POLICY CREATOR OWNERS,OU=GROUPS,DC=HOLO,DC=LIVE","domainsid":"S-1-5-21-471847105-3603022926-1728018720","highvalue":false,"samaccountname":"Group Policy Creator Owners","description":"Members in this group can modify group policy for the domain","whencreated":1603410210,"admincount":false},"Members":[{"ObjectIdentifier":"S-1-5-21-471847105-3603022926-1728018720-1126","ObjectType":"User"},{"ObjectIdentifier":"S-1-5-21-471847105-3603022926-1728018720-1122","ObjectType":"User"},{"ObjectIdentifier":"S-1-5-21-471847105-3603022926-1728018720-500","ObjectType":"User"}],"Aces":[{"PrincipalSID":"S-1-5-21-471847105-3603022926-1728018720-512","PrincipalType":"Group","RightName":"Owns","IsInherited":false},{"PrincipalSID":"HOLO.LIVE-S-1-5-32-548","PrincipalType":"Group","RightName":"GenericAll","IsInherited":false},{"PrincipalSID":"S-1-5-21-471847105-3603022926-1728018720-512","PrincipalType":"Group","RightName":"GenericAll","IsInherited":false},{"PrincipalSID":"S-1-5-21-471847105-3603022926-1728018720-1119","PrincipalType":"User","RightName":"AddMember","IsInherited":true},{"PrincipalSID":"S-1-5-21-471847105-3603022926-1728018720-519","PrincipalType":"Group","RightName":"GenericAll","IsInherited":true},{"PrincipalSID":"HOLO.LIVE-S-1-5-32-544","PrincipalType":"Group","RightName":"WriteDacl","IsInherited":true},{"PrincipalSID":"HOLO.LIVE-S-1-5-32-544","PrincipalType":"Group","RightName":"WriteOwner","IsInherited":true},{"PrincipalSID":"HOLO.LIVE-S-1-5-32-544","PrincipalType":"Group","RightName":"GenericWrite","IsInherited":true}],"ObjectIdentifier":"S-1-5-21-471847105-3603022926-1728018720-520","IsDeleted":false,"IsACLProtected":false},{"Properties":{"domain":"HOLO.LIVE","name":"DENIED RODC PASSWORD REPLICATION GROUP@HOLO.LIVE","distinguishedname":"CN=DENIED RODC PASSWORD REPLICATION GROUP,OU=GROUPS,DC=HOLO,DC=LIVE","domainsid":"S-1-5-21-471847105-3603022926-1728018720","highvalue":false,"samaccountname":"Denied RODC Password Replication Group","description":"Members in this group cannot have their passwords replicated to any read-only domain controllers in the domain","whencreated":1603410210,"admincount":false},"Members":[{"ObjectIdentifier":"S-1-5-21-471847105-3603022926-1728018720-521","ObjectType":"Group"},{"ObjectIdentifier":"S-1-5-21-471847105-3603022926-1728018720-520","ObjectType":"Group"},{"ObjectIdentifier":"S-1-5-21-471847105-3603022926-1728018720-512","ObjectType":"Group"},{"ObjectIdentifier":"S-1-5-21-471847105-3603022926-1728018720-517","ObjectType":"Group"},{"ObjectIdentifier":"S-1-5-21-471847105-3603022926-1728018720-519","ObjectType":"Group"},{"ObjectIdentifier":"S-1-5-21-471847105-3603022926-1728018720-518","ObjectType":"Group"},{"ObjectIdentifier":"S-1-5-21-471847105-3603022926-1728018720-516","ObjectType":"Group"},{"ObjectIdentifier":"S-1-5-21-471847105-3603022926-1728018720-502","ObjectType":"User"}],"Aces":[{"PrincipalSID":"S-1-5-21-471847105-3603022926-1728018720-512","PrincipalType":"Group","RightName":"Owns","IsInherited":false},{"PrincipalSID":"HOLO.LIVE-S-1-5-32-548","PrincipalType":"Group","RightName":"GenericAll","IsInherited":false},{"PrincipalSID":"S-1-5-21-471847105-3603022926-1728018720-512","PrincipalType":"Group","RightName":"GenericAll","IsInherited":false},{"PrincipalSID":"S-1-5-21-471847105-3603022926-1728018720-1119","PrincipalType":"User","RightName":"AddMember","IsInherited":true},{"PrincipalSID":"S-1-5-21-471847105-3603022926-1728018720-519","PrincipalType":"Group","RightName":"GenericAll","IsInherited":true},{"PrincipalSID":"HOLO.LIVE-S-1-5-32-544","PrincipalType":"Group","RightName":"WriteDacl","IsInherited":true},{"PrincipalSID":"HOLO.LIVE-S-1-5-32-544","PrincipalType":"Group","RightName":"WriteOwner","IsInherited":true},{"PrincipalSID":"HOLO.LIVE-S-1-5-32-544","PrincipalType":"Group","RightName":"GenericWrite","IsInherited":true}],"ObjectIdentifier":"S-1-5-21-471847105-3603022926-1728018720-572","IsDeleted":false,"IsACLProtected":false},{"Properties":{"domain":"HOLO.LIVE","name":"IIS_IUSRS@HOLO.LIVE","distinguishedname":"CN=IIS_IUSRS,CN=BUILTIN,DC=HOLO,DC=LIVE","domainsid":"S-1-5-21-471847105-3603022926-1728018720","highvalue":false,"samaccountname":"IIS_IUSRS","description":"Built-in group used by Internet Information Services.","whencreated":1603410120,"admincount":false},"Members":[{"ObjectIdentifier":"HOLO.LIVE-S-1-5-17","ObjectType":"Group"}],"Aces":[{"PrincipalSID":"HOLO.LIVE-S-1-5-32-544","PrincipalType":"Group","RightName":"Owns","IsInherited":false},{"PrincipalSID":"HOLO.LIVE-S-1-5-32-548","PrincipalType":"Group","RightName":"GenericAll","IsInherited":false},{"PrincipalSID":"S-1-5-21-471847105-3603022926-1728018720-512","PrincipalType":"Group","RightName":"GenericAll","IsInherited":false},{"PrincipalSID":"S-1-5-21-471847105-3603022926-1728018720-519","PrincipalType":"Group","RightName":"GenericAll","IsInherited":true},{"PrincipalSID":"HOLO.LIVE-S-1-5-32-544","PrincipalType":"Group","RightName":"WriteDacl","IsInherited":true},{"PrincipalSID":"HOLO.LIVE-S-1-5-32-544","PrincipalType":"Group","RightName":"WriteOwner","IsInherited":true},{"PrincipalSID":"HOLO.LIVE-S-1-5-32-544","PrincipalType":"Group","RightName":"GenericWrite","IsInherited":true},{"PrincipalSID":"S-1-5-21-471847105-3603022926-1728018720-1119","PrincipalType":"User","RightName":"AddMember","IsInherited":true}],"ObjectIdentifier":"HOLO.LIVE-S-1-5-32-568","IsDeleted":false,"IsACLProtected":false},{"Properties":{"domain":"HOLO.LIVE","name":"DNSADMINS@HOLO.LIVE","distinguishedname":"CN=DNSADMINS,OU=GROUPS,DC=HOLO,DC=LIVE","domainsid":"S-1-5-21-471847105-3603022926-1728018720","highvalue":false,"samaccountname":"DnsAdmins","description":"DNS Administrators Group","whencreated":1603410250,"admincount":false},"Members":[],"Aces":[{"PrincipalSID":"HOLO.LIVE-S-1-5-32-548","PrincipalType":"Group","RightName":"GenericAll","IsInherited":false},{"PrincipalSID":"S-1-5-21-471847105-3603022926-1728018720-512","PrincipalType":"Group","RightName":"GenericAll","IsInherited":false},{"PrincipalSID":"S-1-5-21-471847105-3603022926-1728018720-1119","PrincipalType":"User","RightName":"AddMember","IsInherited":true},{"PrincipalSID":"S-1-5-21-471847105-3603022926-1728018720-519","PrincipalType":"Group","RightName":"GenericAll","IsInherited":true},{"PrincipalSID":"HOLO.LIVE-S-1-5-32-544","PrincipalType":"Group","RightName":"WriteDacl","IsInherited":true},{"PrincipalSID":"HOLO.LIVE-S-1-5-32-544","PrincipalType":"Group","RightName":"WriteOwner","IsInherited":true},{"PrincipalSID":"HOLO.LIVE-S-1-5-32-544","PrincipalType":"Group","RightName":"GenericWrite","IsInherited":true}],"ObjectIdentifier":"S-1-5-21-471847105-3603022926-1728018720-1109","IsDeleted":false,"IsACLProtected":false},{"Properties":{"domain":"HOLO.LIVE","name":"DOMAIN COMPUTERS@HOLO.LIVE","distinguishedname":"CN=DOMAIN COMPUTERS,OU=GROUPS,DC=HOLO,DC=LIVE","domainsid":"S-1-5-21-471847105-3603022926-1728018720","highvalue":false,"samaccountname":"Domain Computers","description":"All workstations and servers joined to the domain","whencreated":1603410210,"admincount":false},"Members":[],"Aces":[{"PrincipalSID":"S-1-5-21-471847105-3603022926-1728018720-512","PrincipalType":"Group","RightName":"Owns","IsInherited":false},{"PrincipalSID":"HOLO.LIVE-S-1-5-32-548","PrincipalType":"Group","RightName":"GenericAll","IsInherited":false},{"PrincipalSID":"S-1-5-21-471847105-3603022926-1728018720-512","PrincipalType":"Group","RightName":"GenericAll","IsInherited":false},{"PrincipalSID":"S-1-5-21-471847105-3603022926-1728018720-1119","PrincipalType":"User","RightName":"AddMember","IsInherited":true},{"PrincipalSID":"S-1-5-21-471847105-3603022926-1728018720-519","PrincipalType":"Group","RightName":"GenericAll","IsInherited":true},{"PrincipalSID":"HOLO.LIVE-S-1-5-32-544","PrincipalType":"Group","RightName":"WriteDacl","IsInherited":true},{"PrincipalSID":"HOLO.LIVE-S-1-5-32-544","PrincipalType":"Group","RightName":"WriteOwner","IsInherited":true},{"PrincipalSID":"HOLO.LIVE-S-1-5-32-544","PrincipalType":"Group","RightName":"GenericWrite","IsInherited":true}],"ObjectIdentifier":"S-1-5-21-471847105-3603022926-1728018720-515","IsDeleted":false,"IsACLProtected":false},{"Properties":{"domain":"HOLO.LIVE","name":"GUESTS@HOLO.LIVE","distinguishedname":"CN=GUESTS,CN=BUILTIN,DC=HOLO,DC=LIVE","domainsid":"S-1-5-21-471847105-3603022926-1728018720","highvalue":false,"samaccountname":"Guests","description":"Guests have the same access as members of the Users group by default, except for the Guest account which is further restricted","whencreated":1603410120,"admincount":false},"Members":[{"ObjectIdentifier":"S-1-5-21-471847105-3603022926-1728018720-514","ObjectType":"Group"},{"ObjectIdentifier":"S-1-5-21-471847105-3603022926-1728018720-501","ObjectType":"User"}],"Aces":[{"PrincipalSID":"HOLO.LIVE-S-1-5-32-544","PrincipalType":"Group","RightName":"Owns","IsInherited":false},{"PrincipalSID":"HOLO.LIVE-S-1-5-32-548","PrincipalType":"Group","RightName":"GenericAll","IsInherited":false},{"PrincipalSID":"S-1-5-21-471847105-3603022926-1728018720-512","PrincipalType":"Group","RightName":"GenericAll","IsInherited":false},{"PrincipalSID":"S-1-5-21-471847105-3603022926-1728018720-519","PrincipalType":"Group","RightName":"GenericAll","IsInherited":true},{"PrincipalSID":"HOLO.LIVE-S-1-5-32-544","PrincipalType":"Group","RightName":"WriteDacl","IsInherited":true},{"PrincipalSID":"HOLO.LIVE-S-1-5-32-544","PrincipalType":"Group","RightName":"WriteOwner","IsInherited":true},{"PrincipalSID":"HOLO.LIVE-S-1-5-32-544","PrincipalType":"Group","RightName":"GenericWrite","IsInherited":true},{"PrincipalSID":"S-1-5-21-471847105-3603022926-1728018720-1119","PrincipalType":"User","RightName":"AddMember","IsInherited":true}],"ObjectIdentifier":"HOLO.LIVE-S-1-5-32-546","IsDeleted":false,"IsACLProtected":false},{"Properties":{"domain":"HOLO.LIVE","name":"REMOTE DESKTOP USERS@HOLO.LIVE","distinguishedname":"CN=REMOTE DESKTOP USERS,CN=BUILTIN,DC=HOLO,DC=LIVE","domainsid":"S-1-5-21-471847105-3603022926-1728018720","highvalue":false,"samaccountname":"Remote Desktop Users","description":"Members in this group are granted the right to logon remotely","whencreated":1603410120,"admincount":false},"Members":[{"ObjectIdentifier":"S-1-5-21-471847105-3603022926-1728018720-1140","ObjectType":"User"},{"ObjectIdentifier":"S-1-5-21-471847105-3603022926-1728018720-1119","ObjectType":"User"},{"ObjectIdentifier":"S-1-5-21-471847105-3603022926-1728018720-512","ObjectType":"Group"},{"ObjectIdentifier":"S-1-5-21-471847105-3603022926-1728018720-519","ObjectType":"Group"},{"ObjectIdentifier":"S-1-5-21-471847105-3603022926-1728018720-500","ObjectType":"User"}],"Aces":[{"PrincipalSID":"HOLO.LIVE-S-1-5-32-544","PrincipalType":"Group","RightName":"Owns","IsInherited":false},{"PrincipalSID":"HOLO.LIVE-S-1-5-32-548","PrincipalType":"Group","RightName":"GenericAll","IsInherited":false},{"PrincipalSID":"S-1-5-21-471847105-3603022926-1728018720-512","PrincipalType":"Group","RightName":"GenericAll","IsInherited":false},{"PrincipalSID":"S-1-5-21-471847105-3603022926-1728018720-519","PrincipalType":"Group","RightName":"GenericAll","IsInherited":true},{"PrincipalSID":"HOLO.LIVE-S-1-5-32-544","PrincipalType":"Group","RightName":"WriteDacl","IsInherited":true},{"PrincipalSID":"HOLO.LIVE-S-1-5-32-544","PrincipalType":"Group","RightName":"WriteOwner","IsInherited":true},{"PrincipalSID":"HOLO.LIVE-S-1-5-32-544","PrincipalType":"Group","RightName":"GenericWrite","IsInherited":true},{"PrincipalSID":"S-1-5-21-471847105-3603022926-1728018720-1119","PrincipalType":"User","RightName":"AddMember","IsInherited":true}],"ObjectIdentifier":"HOLO.LIVE-S-1-5-32-555","IsDeleted":false,"IsACLProtected":false},{"Properties":{"domain":"HOLO.LIVE","name":"DOMAIN USERS@HOLO.LIVE","distinguishedname":"CN=DOMAIN USERS,OU=GROUPS,DC=HOLO,DC=LIVE","domainsid":"S-1-5-21-471847105-3603022926-1728018720","highvalue":false,"samaccountname":"Domain Users","description":"All domain users","whencreated":1603410210,"admincount":false},"Members":[],"Aces":[{"PrincipalSID":"S-1-5-21-471847105-3603022926-1728018720-512","PrincipalType":"Group","RightName":"Owns","IsInherited":false},{"PrincipalSID":"HOLO.LIVE-S-1-5-32-548","PrincipalType":"Group","RightName":"GenericAll","IsInherited":false},{"PrincipalSID":"S-1-5-21-471847105-3603022926-1728018720-512","PrincipalType":"Group","RightName":"GenericAll","IsInherited":false},{"PrincipalSID":"S-1-5-21-471847105-3603022926-1728018720-1119","PrincipalType":"User","RightName":"AddMember","IsInherited":true},{"PrincipalSID":"S-1-5-21-471847105-3603022926-1728018720-519","PrincipalType":"Group","RightName":"GenericAll","IsInherited":true},{"PrincipalSID":"HOLO.LIVE-S-1-5-32-544","PrincipalType":"Group","RightName":"WriteDacl","IsInherited":true},{"PrincipalSID":"HOLO.LIVE-S-1-5-32-544","PrincipalType":"Group","RightName":"WriteOwner","IsInherited":true},{"PrincipalSID":"HOLO.LIVE-S-1-5-32-544","PrincipalType":"Group","RightName":"GenericWrite","IsInherited":true}],"ObjectIdentifier":"S-1-5-21-471847105-3603022926-1728018720-513","IsDeleted":false,"IsACLProtected":false},{"Properties":{"domain":"HOLO.LIVE","name":"DOMAIN GUESTS@HOLO.LIVE","distinguishedname":"CN=DOMAIN GUESTS,OU=GROUPS,DC=HOLO,DC=LIVE","domainsid":"S-1-5-21-471847105-3603022926-1728018720","highvalue":false,"samaccountname":"Domain Guests","description":"All domain guests","whencreated":1603410210,"admincount":false},"Members":[],"Aces":[{"PrincipalSID":"S-1-5-21-471847105-3603022926-1728018720-512","PrincipalType":"Group","RightName":"Owns","IsInherited":false},{"PrincipalSID":"HOLO.LIVE-S-1-5-32-548","PrincipalType":"Group","RightName":"GenericAll","IsInherited":false},{"PrincipalSID":"S-1-5-21-471847105-3603022926-1728018720-512","PrincipalType":"Group","RightName":"GenericAll","IsInherited":false},{"PrincipalSID":"S-1-5-21-471847105-3603022926-1728018720-1119","PrincipalType":"User","RightName":"AddMember","IsInherited":true},{"PrincipalSID":"S-1-5-21-471847105-3603022926-1728018720-519","PrincipalType":"Group","RightName":"GenericAll","IsInherited":true},{"PrincipalSID":"HOLO.LIVE-S-1-5-32-544","PrincipalType":"Group","RightName":"WriteDacl","IsInherited":true},{"PrincipalSID":"HOLO.LIVE-S-1-5-32-544","PrincipalType":"Group","RightName":"WriteOwner","IsInherited":true},{"PrincipalSID":"HOLO.LIVE-S-1-5-32-544","PrincipalType":"Group","RightName":"GenericWrite","IsInherited":true}],"ObjectIdentifier":"S-1-5-21-471847105-3603022926-1728018720-514","IsDeleted":false,"IsACLProtected":false},{"Properties":{"domain":"HOLO.LIVE","name":"READ-ONLY DOMAIN CONTROLLERS@HOLO.LIVE","distinguishedname":"CN=READ-ONLY DOMAIN CONTROLLERS,OU=GROUPS,DC=HOLO,DC=LIVE","domainsid":"S-1-5-21-471847105-3603022926-1728018720","highvalue":false,"samaccountname":"Read-only Domain Controllers","description":"Members of this group are Read-Only Domain Controllers in the domain","whencreated":1603410211,"admincount":true},"Members":[],"Aces":[{"PrincipalSID":"S-1-5-21-471847105-3603022926-1728018720-512","PrincipalType":"Group","RightName":"Owns","IsInherited":false},{"PrincipalSID":"HOLO.LIVE-S-1-5-32-544","PrincipalType":"Group","RightName":"WriteDacl","IsInherited":false},{"PrincipalSID":"HOLO.LIVE-S-1-5-32-544","PrincipalType":"Group","RightName":"WriteOwner","IsInherited":false},{"PrincipalSID":"HOLO.LIVE-S-1-5-32-544","PrincipalType":"Group","RightName":"GenericWrite","IsInherited":false},{"PrincipalSID":"S-1-5-21-471847105-3603022926-1728018720-512","PrincipalType":"Group","RightName":"WriteDacl","IsInherited":false},{"PrincipalSID":"S-1-5-21-471847105-3603022926-1728018720-512","PrincipalType":"Group","RightName":"WriteOwner","IsInherited":false},{"PrincipalSID":"S-1-5-21-471847105-3603022926-1728018720-512","PrincipalType":"Group","RightName":"GenericWrite","IsInherited":false},{"PrincipalSID":"S-1-5-21-471847105-3603022926-1728018720-519","PrincipalType":"Group","RightName":"WriteDacl","IsInherited":false},{"PrincipalSID":"S-1-5-21-471847105-3603022926-1728018720-519","PrincipalType":"Group","RightName":"WriteOwner","IsInherited":false},{"PrincipalSID":"S-1-5-21-471847105-3603022926-1728018720-519","PrincipalType":"Group","RightName":"GenericWrite","IsInherited":false}],"ObjectIdentifier":"S-1-5-21-471847105-3603022926-1728018720-521","IsDeleted":false,"IsACLProtected":true},{"Properties":{"domain":"HOLO.LIVE","name":"PERFORMANCE MONITOR USERS@HOLO.LIVE","distinguishedname":"CN=PERFORMANCE MONITOR USERS,CN=BUILTIN,DC=HOLO,DC=LIVE","domainsid":"S-1-5-21-471847105-3603022926-1728018720","highvalue":false,"samaccountname":"Performance Monitor Users","description":"Members of this group can access performance counter data locally and remotely","whencreated":1603410120,"admincount":false},"Members":[],"Aces":[{"PrincipalSID":"HOLO.LIVE-S-1-5-32-544","PrincipalType":"Group","RightName":"Owns","IsInherited":false},{"PrincipalSID":"HOLO.LIVE-S-1-5-32-548","PrincipalType":"Group","RightName":"GenericAll","IsInherited":false},{"PrincipalSID":"S-1-5-21-471847105-3603022926-1728018720-512","PrincipalType":"Group","RightName":"GenericAll","IsInherited":false},{"PrincipalSID":"S-1-5-21-471847105-3603022926-1728018720-519","PrincipalType":"Group","RightName":"GenericAll","IsInherited":true},{"PrincipalSID":"HOLO.LIVE-S-1-5-32-544","PrincipalType":"Group","RightName":"WriteDacl","IsInherited":true},{"PrincipalSID":"HOLO.LIVE-S-1-5-32-544","PrincipalType":"Group","RightName":"WriteOwner","IsInherited":true},{"PrincipalSID":"HOLO.LIVE-S-1-5-32-544","PrincipalType":"Group","RightName":"GenericWrite","IsInherited":true},{"PrincipalSID":"S-1-5-21-471847105-3603022926-1728018720-1119","PrincipalType":"User","RightName":"AddMember","IsInherited":true}],"ObjectIdentifier":"HOLO.LIVE-S-1-5-32-558","IsDeleted":false,"IsACLProtected":false},{"Properties":{"domain":"HOLO.LIVE","name":"ENTERPRISE READ-ONLY DOMAIN CONTROLLERS@HOLO.LIVE","distinguishedname":"CN=ENTERPRISE READ-ONLY DOMAIN CONTROLLERS,OU=GROUPS,DC=HOLO,DC=LIVE","domainsid":"S-1-5-21-471847105-3603022926-1728018720","highvalue":false,"samaccountname":"Enterprise Read-only Domain Controllers","description":"Members of this group are Read-Only Domain Controllers in the enterprise","whencreated":1603410211,"admincount":false},"Members":[],"Aces":[{"PrincipalSID":"S-1-5-21-471847105-3603022926-1728018720-512","PrincipalType":"Group","RightName":"Owns","IsInherited":false},{"PrincipalSID":"HOLO.LIVE-S-1-5-32-548","PrincipalType":"Group","RightName":"GenericAll","IsInherited":false},{"PrincipalSID":"S-1-5-21-471847105-3603022926-1728018720-512","PrincipalType":"Group","RightName":"GenericAll","IsInherited":false},{"PrincipalSID":"S-1-5-21-471847105-3603022926-1728018720-1119","PrincipalType":"User","RightName":"AddMember","IsInherited":true},{"PrincipalSID":"S-1-5-21-471847105-3603022926-1728018720-519","PrincipalType":"Group","RightName":"GenericAll","IsInherited":true},{"PrincipalSID":"HOLO.LIVE-S-1-5-32-544","PrincipalType":"Group","RightName":"WriteDacl","IsInherited":true},{"PrincipalSID":"HOLO.LIVE-S-1-5-32-544","PrincipalType":"Group","RightName":"WriteOwner","IsInherited":true},{"PrincipalSID":"HOLO.LIVE-S-1-5-32-544","PrincipalType":"Group","RightName":"GenericWrite","IsInherited":true}],"ObjectIdentifier":"S-1-5-21-471847105-3603022926-1728018720-498","IsDeleted":false,"IsACLProtected":false},{"Properties":{"domain":"HOLO.LIVE","name":"CLONEABLE DOMAIN CONTROLLERS@HOLO.LIVE","distinguishedname":"CN=CLONEABLE DOMAIN CONTROLLERS,OU=GROUPS,DC=HOLO,DC=LIVE","domainsid":"S-1-5-21-471847105-3603022926-1728018720","highvalue":false,"samaccountname":"Cloneable Domain Controllers","description":"Members of this group that are domain controllers may be cloned.","whencreated":1603410211,"admincount":false},"Members":[],"Aces":[{"PrincipalSID":"S-1-5-21-471847105-3603022926-1728018720-512","PrincipalType":"Group","RightName":"Owns","IsInherited":false},{"PrincipalSID":"HOLO.LIVE-S-1-5-32-548","PrincipalType":"Group","RightName":"GenericAll","IsInherited":false},{"PrincipalSID":"S-1-5-21-471847105-3603022926-1728018720-512","PrincipalType":"Group","RightName":"GenericAll","IsInherited":false},{"PrincipalSID":"S-1-5-21-471847105-3603022926-1728018720-1119","PrincipalType":"User","RightName":"AddMember","IsInherited":true},{"PrincipalSID":"S-1-5-21-471847105-3603022926-1728018720-519","PrincipalType":"Group","RightName":"GenericAll","IsInherited":true},{"PrincipalSID":"HOLO.LIVE-S-1-5-32-544","PrincipalType":"Group","RightName":"WriteDacl","IsInherited":true},{"PrincipalSID":"HOLO.LIVE-S-1-5-32-544","PrincipalType":"Group","RightName":"WriteOwner","IsInherited":true},{"PrincipalSID":"HOLO.LIVE-S-1-5-32-544","PrincipalType":"Group","RightName":"GenericWrite","IsInherited":true}],"ObjectIdentifier":"S-1-5-21-471847105-3603022926-1728018720-522","IsDeleted":false,"IsACLProtected":false},{"Properties":{"domain":"HOLO.LIVE","name":"ALLOWED RODC PASSWORD REPLICATION GROUP@HOLO.LIVE","distinguishedname":"CN=ALLOWED RODC PASSWORD REPLICATION GROUP,OU=GROUPS,DC=HOLO,DC=LIVE","domainsid":"S-1-5-21-471847105-3603022926-1728018720","highvalue":false,"samaccountname":"Allowed RODC Password Replication Group","description":"Members in this group can have their passwords replicated to all read-only domain controllers in the domain","whencreated":1603410210,"admincount":false},"Members":[],"Aces":[{"PrincipalSID":"S-1-5-21-471847105-3603022926-1728018720-512","PrincipalType":"Group","RightName":"Owns","IsInherited":false},{"PrincipalSID":"HOLO.LIVE-S-1-5-32-548","PrincipalType":"Group","RightName":"GenericAll","IsInherited":false},{"PrincipalSID":"S-1-5-21-471847105-3603022926-1728018720-512","PrincipalType":"Group","RightName":"GenericAll","IsInherited":false},{"PrincipalSID":"S-1-5-21-471847105-3603022926-1728018720-1119","PrincipalType":"User","RightName":"AddMember","IsInherited":true},{"PrincipalSID":"S-1-5-21-471847105-3603022926-1728018720-519","PrincipalType":"Group","RightName":"GenericAll","IsInherited":true},{"PrincipalSID":"HOLO.LIVE-S-1-5-32-544","PrincipalType":"Group","RightName":"WriteDacl","IsInherited":true},{"PrincipalSID":"HOLO.LIVE-S-1-5-32-544","PrincipalType":"Group","RightName":"WriteOwner","IsInherited":true},{"PrincipalSID":"HOLO.LIVE-S-1-5-32-544","PrincipalType":"Group","RightName":"GenericWrite","IsInherited":true}],"ObjectIdentifier":"S-1-5-21-471847105-3603022926-1728018720-571","IsDeleted":false,"IsACLProtected":false},{"Properties":{"domain":"HOLO.LIVE","name":"RDS ENDPOINT SERVERS@HOLO.LIVE","distinguishedname":"CN=RDS ENDPOINT SERVERS,CN=BUILTIN,DC=HOLO,DC=LIVE","domainsid":"S-1-5-21-471847105-3603022926-1728018720","highvalue":false,"samaccountname":"RDS Endpoint Servers","description":"Servers in this group run virtual machines and host sessions where users RemoteApp programs and personal virtual desktops run. This group needs to be populated on servers running RD Connection Broker. RD Session Host servers and RD Virtualization Host servers used in the deployment need to be in this group.","whencreated":1603410120,"admincount":false},"Members":[],"Aces":[{"PrincipalSID":"HOLO.LIVE-S-1-5-32-544","PrincipalType":"Group","RightName":"Owns","IsInherited":false},{"PrincipalSID":"HOLO.LIVE-S-1-5-32-548","PrincipalType":"Group","RightName":"GenericAll","IsInherited":false},{"PrincipalSID":"S-1-5-21-471847105-3603022926-1728018720-512","PrincipalType":"Group","RightName":"GenericAll","IsInherited":false},{"PrincipalSID":"S-1-5-21-471847105-3603022926-1728018720-519","PrincipalType":"Group","RightName":"GenericAll","IsInherited":true},{"PrincipalSID":"HOLO.LIVE-S-1-5-32-544","PrincipalType":"Group","RightName":"WriteDacl","IsInherited":true},{"PrincipalSID":"HOLO.LIVE-S-1-5-32-544","PrincipalType":"Group","RightName":"WriteOwner","IsInherited":true},{"PrincipalSID":"HOLO.LIVE-S-1-5-32-544","PrincipalType":"Group","RightName":"GenericWrite","IsInherited":true},{"PrincipalSID":"S-1-5-21-471847105-3603022926-1728018720-1119","PrincipalType":"User","RightName":"AddMember","IsInherited":true}],"ObjectIdentifier":"HOLO.LIVE-S-1-5-32-576","IsDeleted":false,"IsACLProtected":false},{"Properties":{"domain":"HOLO.LIVE","name":"PROTECTED USERS@HOLO.LIVE","distinguishedname":"CN=PROTECTED USERS,OU=GROUPS,DC=HOLO,DC=LIVE","domainsid":"S-1-5-21-471847105-3603022926-1728018720","highvalue":false,"samaccountname":"Protected Users","description":"Members of this group are afforded additional protections against authentication security threats. See http://go.microsoft.com/fwlink/?LinkId=298939 for more information.","whencreated":1603410211,"admincount":false},"Members":[],"Aces":[{"PrincipalSID":"S-1-5-21-471847105-3603022926-1728018720-512","PrincipalType":"Group","RightName":"Owns","IsInherited":false},{"PrincipalSID":"HOLO.LIVE-S-1-5-32-548","PrincipalType":"Group","RightName":"GenericAll","IsInherited":false},{"PrincipalSID":"S-1-5-21-471847105-3603022926-1728018720-512","PrincipalType":"Group","RightName":"GenericAll","IsInherited":false},{"PrincipalSID":"S-1-5-21-471847105-3603022926-1728018720-1119","PrincipalType":"User","RightName":"AddMember","IsInherited":true},{"PrincipalSID":"S-1-5-21-471847105-3603022926-1728018720-519","PrincipalType":"Group","RightName":"GenericAll","IsInherited":true},{"PrincipalSID":"HOLO.LIVE-S-1-5-32-544","PrincipalType":"Group","RightName":"WriteDacl","IsInherited":true},{"PrincipalSID":"HOLO.LIVE-S-1-5-32-544","PrincipalType":"Group","RightName":"WriteOwner","IsInherited":true},{"PrincipalSID":"HOLO.LIVE-S-1-5-32-544","PrincipalType":"Group","RightName":"GenericWrite","IsInherited":true}],"ObjectIdentifier":"S-1-5-21-471847105-3603022926-1728018720-525","IsDeleted":false,"IsACLProtected":false},{"Properties":{"domain":"HOLO.LIVE","name":"KEY ADMINS@HOLO.LIVE","distinguishedname":"CN=KEY ADMINS,OU=GROUPS,DC=HOLO,DC=LIVE","domainsid":"S-1-5-21-471847105-3603022926-1728018720","highvalue":false,"samaccountname":"Key Admins","description":"Members of this group can perform administrative actions on key objects within the domain.","whencreated":1603410211,"admincount":true},"Members":[],"Aces":[{"PrincipalSID":"S-1-5-21-471847105-3603022926-1728018720-512","PrincipalType":"Group","RightName":"Owns","IsInherited":false},{"PrincipalSID":"HOLO.LIVE-S-1-5-32-544","PrincipalType":"Group","RightName":"WriteDacl","IsInherited":false},{"PrincipalSID":"HOLO.LIVE-S-1-5-32-544","PrincipalType":"Group","RightName":"WriteOwner","IsInherited":false},{"PrincipalSID":"HOLO.LIVE-S-1-5-32-544","PrincipalType":"Group","RightName":"GenericWrite","IsInherited":false},{"PrincipalSID":"S-1-5-21-471847105-3603022926-1728018720-512","PrincipalType":"Group","RightName":"WriteDacl","IsInherited":false},{"PrincipalSID":"S-1-5-21-471847105-3603022926-1728018720-512","PrincipalType":"Group","RightName":"WriteOwner","IsInherited":false},{"PrincipalSID":"S-1-5-21-471847105-3603022926-1728018720-512","PrincipalType":"Group","RightName":"GenericWrite","IsInherited":false},{"PrincipalSID":"S-1-5-21-471847105-3603022926-1728018720-519","PrincipalType":"Group","RightName":"WriteDacl","IsInherited":false},{"PrincipalSID":"S-1-5-21-471847105-3603022926-1728018720-519","PrincipalType":"Group","RightName":"WriteOwner","IsInherited":false},{"PrincipalSID":"S-1-5-21-471847105-3603022926-1728018720-519","PrincipalType":"Group","RightName":"GenericWrite","IsInherited":false}],"ObjectIdentifier":"S-1-5-21-471847105-3603022926-1728018720-526","IsDeleted":false,"IsACLProtected":true},{"Properties":{"domain":"HOLO.LIVE","name":"CRYPTOGRAPHIC OPERATORS@HOLO.LIVE","distinguishedname":"CN=CRYPTOGRAPHIC OPERATORS,CN=BUILTIN,DC=HOLO,DC=LIVE","domainsid":"S-1-5-21-471847105-3603022926-1728018720","highvalue":false,"samaccountname":"Cryptographic Operators","description":"Members are authorized to perform cryptographic operations.","whencreated":1603410120,"admincount":false},"Members":[],"Aces":[{"PrincipalSID":"HOLO.LIVE-S-1-5-32-544","PrincipalType":"Group","RightName":"Owns","IsInherited":false},{"PrincipalSID":"HOLO.LIVE-S-1-5-32-548","PrincipalType":"Group","RightName":"GenericAll","IsInherited":false},{"PrincipalSID":"S-1-5-21-471847105-3603022926-1728018720-512","PrincipalType":"Group","RightName":"GenericAll","IsInherited":false},{"PrincipalSID":"S-1-5-21-471847105-3603022926-1728018720-519","PrincipalType":"Group","RightName":"GenericAll","IsInherited":true},{"PrincipalSID":"HOLO.LIVE-S-1-5-32-544","PrincipalType":"Group","RightName":"WriteDacl","IsInherited":true},{"PrincipalSID":"HOLO.LIVE-S-1-5-32-544","PrincipalType":"Group","RightName":"WriteOwner","IsInherited":true},{"PrincipalSID":"HOLO.LIVE-S-1-5-32-544","PrincipalType":"Group","RightName":"GenericWrite","IsInherited":true},{"PrincipalSID":"S-1-5-21-471847105-3603022926-1728018720-1119","PrincipalType":"User","RightName":"AddMember","IsInherited":true}],"ObjectIdentifier":"HOLO.LIVE-S-1-5-32-569","IsDeleted":false,"IsACLProtected":false},{"Properties":{"domain":"HOLO.LIVE","name":"PRE-WINDOWS 2000 COMPATIBLE ACCESS@HOLO.LIVE","distinguishedname":"CN=PRE-WINDOWS 2000 COMPATIBLE ACCESS,CN=BUILTIN,DC=HOLO,DC=LIVE","domainsid":"S-1-5-21-471847105-3603022926-1728018720","highvalue":false,"samaccountname":"Pre-Windows 2000 Compatible Access","description":"A backward compatibility group which allows read access on all users and groups in the domain","whencreated":1603410210,"admincount":false},"Members":[{"ObjectIdentifier":"HOLO.LIVE-S-1-5-11","ObjectType":"Group"}],"Aces":[{"PrincipalSID":"S-1-5-21-471847105-3603022926-1728018720-512","PrincipalType":"Group","RightName":"Owns","IsInherited":false},{"PrincipalSID":"HOLO.LIVE-S-1-5-32-548","PrincipalType":"Group","RightName":"GenericAll","IsInherited":false},{"PrincipalSID":"S-1-5-21-471847105-3603022926-1728018720-512","PrincipalType":"Group","RightName":"GenericAll","IsInherited":false},{"PrincipalSID":"S-1-5-21-471847105-3603022926-1728018720-519","PrincipalType":"Group","RightName":"GenericAll","IsInherited":true},{"PrincipalSID":"HOLO.LIVE-S-1-5-32-544","PrincipalType":"Group","RightName":"WriteDacl","IsInherited":true},{"PrincipalSID":"HOLO.LIVE-S-1-5-32-544","PrincipalType":"Group","RightName":"WriteOwner","IsInherited":true},{"PrincipalSID":"HOLO.LIVE-S-1-5-32-544","PrincipalType":"Group","RightName":"GenericWrite","IsInherited":true},{"PrincipalSID":"S-1-5-21-471847105-3603022926-1728018720-1119","PrincipalType":"User","RightName":"AddMember","IsInherited":true}],"ObjectIdentifier":"HOLO.LIVE-S-1-5-32-554","IsDeleted":false,"IsACLProtected":false},{"Properties":{"domain":"HOLO.LIVE","name":"ENTERPRISE KEY ADMINS@HOLO.LIVE","distinguishedname":"CN=ENTERPRISE KEY ADMINS,OU=GROUPS,DC=HOLO,DC=LIVE","domainsid":"S-1-5-21-471847105-3603022926-1728018720","highvalue":false,"samaccountname":"Enterprise Key Admins","description":"Members of this group can perform administrative actions on key objects within the forest.","whencreated":1603410211,"admincount":true},"Members":[],"Aces":[{"PrincipalSID":"S-1-5-21-471847105-3603022926-1728018720-512","PrincipalType":"Group","RightName":"Owns","IsInherited":false},{"PrincipalSID":"HOLO.LIVE-S-1-5-32-544","PrincipalType":"Group","RightName":"WriteDacl","IsInherited":false},{"PrincipalSID":"HOLO.LIVE-S-1-5-32-544","PrincipalType":"Group","RightName":"WriteOwner","IsInherited":false},{"PrincipalSID":"HOLO.LIVE-S-1-5-32-544","PrincipalType":"Group","RightName":"GenericWrite","IsInherited":false},{"PrincipalSID":"S-1-5-21-471847105-3603022926-1728018720-512","PrincipalType":"Group","RightName":"WriteDacl","IsInherited":false},{"PrincipalSID":"S-1-5-21-471847105-3603022926-1728018720-512","PrincipalType":"Group","RightName":"WriteOwner","IsInherited":false},{"PrincipalSID":"S-1-5-21-471847105-3603022926-1728018720-512","PrincipalType":"Group","RightName":"GenericWrite","IsInherited":false},{"PrincipalSID":"S-1-5-21-471847105-3603022926-1728018720-519","PrincipalType":"Group","RightName":"WriteDacl","IsInherited":false},{"PrincipalSID":"S-1-5-21-471847105-3603022926-1728018720-519","PrincipalType":"Group","RightName":"WriteOwner","IsInherited":false},{"PrincipalSID":"S-1-5-21-471847105-3603022926-1728018720-519","PrincipalType":"Group","RightName":"GenericWrite","IsInherited":false}],"ObjectIdentifier":"S-1-5-21-471847105-3603022926-1728018720-527","IsDeleted":false,"IsACLProtected":true},{"Properties":{"domain":"HOLO.LIVE","name":"DNSUPDATEPROXY@HOLO.LIVE","distinguishedname":"CN=DNSUPDATEPROXY,OU=GROUPS,DC=HOLO,DC=LIVE","domainsid":"S-1-5-21-471847105-3603022926-1728018720","highvalue":false,"samaccountname":"DnsUpdateProxy","description":"DNS clients who are permitted to perform dynamic updates on behalf of some other clients (such as DHCP servers).","whencreated":1603410250,"admincount":false},"Members":[],"Aces":[{"PrincipalSID":"HOLO.LIVE-S-1-5-32-548","PrincipalType":"Group","RightName":"GenericAll","IsInherited":false},{"PrincipalSID":"S-1-5-21-471847105-3603022926-1728018720-512","PrincipalType":"Group","RightName":"GenericAll","IsInherited":false},{"PrincipalSID":"S-1-5-21-471847105-3603022926-1728018720-1119","PrincipalType":"User","RightName":"AddMember","IsInherited":true},{"PrincipalSID":"S-1-5-21-471847105-3603022926-1728018720-519","PrincipalType":"Group","RightName":"GenericAll","IsInherited":true},{"PrincipalSID":"HOLO.LIVE-S-1-5-32-544","PrincipalType":"Group","RightName":"WriteDacl","IsInherited":true},{"PrincipalSID":"HOLO.LIVE-S-1-5-32-544","PrincipalType":"Group","RightName":"WriteOwner","IsInherited":true},{"PrincipalSID":"HOLO.LIVE-S-1-5-32-544","PrincipalType":"Group","RightName":"GenericWrite","IsInherited":true}],"ObjectIdentifier":"S-1-5-21-471847105-3603022926-1728018720-1110","IsDeleted":false,"IsACLProtected":false},{"Properties":{"domain":"HOLO.LIVE","name":"DISTRIBUTED COM USERS@HOLO.LIVE","distinguishedname":"CN=DISTRIBUTED COM USERS,CN=BUILTIN,DC=HOLO,DC=LIVE","domainsid":"S-1-5-21-471847105-3603022926-1728018720","highvalue":false,"samaccountname":"Distributed COM Users","description":"Members are allowed to launch, activate and use Distributed COM objects on this machine.","whencreated":1603410120,"admincount":false},"Members":[],"Aces":[{"PrincipalSID":"HOLO.LIVE-S-1-5-32-544","PrincipalType":"Group","RightName":"Owns","IsInherited":false},{"PrincipalSID":"HOLO.LIVE-S-1-5-32-548","PrincipalType":"Group","RightName":"GenericAll","IsInherited":false},{"PrincipalSID":"S-1-5-21-471847105-3603022926-1728018720-512","PrincipalType":"Group","RightName":"GenericAll","IsInherited":false},{"PrincipalSID":"S-1-5-21-471847105-3603022926-1728018720-519","PrincipalType":"Group","RightName":"GenericAll","IsInherited":true},{"PrincipalSID":"HOLO.LIVE-S-1-5-32-544","PrincipalType":"Group","RightName":"WriteDacl","IsInherited":true},{"PrincipalSID":"HOLO.LIVE-S-1-5-32-544","PrincipalType":"Group","RightName":"WriteOwner","IsInherited":true},{"PrincipalSID":"HOLO.LIVE-S-1-5-32-544","PrincipalType":"Group","RightName":"GenericWrite","IsInherited":true},{"PrincipalSID":"S-1-5-21-471847105-3603022926-1728018720-1119","PrincipalType":"User","RightName":"AddMember","IsInherited":true}],"ObjectIdentifier":"HOLO.LIVE-S-1-5-32-562","IsDeleted":false,"IsACLProtected":false},{"Properties":{"domain":"HOLO.LIVE","name":"RAS AND IAS SERVERS@HOLO.LIVE","distinguishedname":"CN=RAS AND IAS SERVERS,OU=GROUPS,DC=HOLO,DC=LIVE","domainsid":"S-1-5-21-471847105-3603022926-1728018720","highvalue":false,"samaccountname":"RAS and IAS Servers","description":"Servers in this group can access remote access properties of users","whencreated":1603410210,"admincount":false},"Members":[],"Aces":[{"PrincipalSID":"S-1-5-21-471847105-3603022926-1728018720-512","PrincipalType":"Group","RightName":"Owns","IsInherited":false},{"PrincipalSID":"HOLO.LIVE-S-1-5-32-548","PrincipalType":"Group","RightName":"GenericAll","IsInherited":false},{"PrincipalSID":"S-1-5-21-471847105-3603022926-1728018720-512","PrincipalType":"Group","RightName":"GenericAll","IsInherited":false},{"PrincipalSID":"S-1-5-21-471847105-3603022926-1728018720-1119","PrincipalType":"User","RightName":"AddMember","IsInherited":true},{"PrincipalSID":"S-1-5-21-471847105-3603022926-1728018720-519","PrincipalType":"Group","RightName":"GenericAll","IsInherited":true},{"PrincipalSID":"HOLO.LIVE-S-1-5-32-544","PrincipalType":"Group","RightName":"WriteDacl","IsInherited":true},{"PrincipalSID":"HOLO.LIVE-S-1-5-32-544","PrincipalType":"Group","RightName":"WriteOwner","IsInherited":true},{"PrincipalSID":"HOLO.LIVE-S-1-5-32-544","PrincipalType":"Group","RightName":"GenericWrite","IsInherited":true}],"ObjectIdentifier":"S-1-5-21-471847105-3603022926-1728018720-553","IsDeleted":false,"IsACLProtected":false},{"Properties":{"domain":"HOLO.LIVE","name":"NETWORK CONFIGURATION OPERATORS@HOLO.LIVE","distinguishedname":"CN=NETWORK CONFIGURATION OPERATORS,CN=BUILTIN,DC=HOLO,DC=LIVE","domainsid":"S-1-5-21-471847105-3603022926-1728018720","highvalue":false,"samaccountname":"Network Configuration Operators","description":"Members in this group can have some administrative privileges to manage configuration of networking features","whencreated":1603410120,"admincount":false},"Members":[],"Aces":[{"PrincipalSID":"HOLO.LIVE-S-1-5-32-544","PrincipalType":"Group","RightName":"Owns","IsInherited":false},{"PrincipalSID":"HOLO.LIVE-S-1-5-32-548","PrincipalType":"Group","RightName":"GenericAll","IsInherited":false},{"PrincipalSID":"S-1-5-21-471847105-3603022926-1728018720-512","PrincipalType":"Group","RightName":"GenericAll","IsInherited":false},{"PrincipalSID":"S-1-5-21-471847105-3603022926-1728018720-519","PrincipalType":"Group","RightName":"GenericAll","IsInherited":true},{"PrincipalSID":"HOLO.LIVE-S-1-5-32-544","PrincipalType":"Group","RightName":"WriteDacl","IsInherited":true},{"PrincipalSID":"HOLO.LIVE-S-1-5-32-544","PrincipalType":"Group","RightName":"WriteOwner","IsInherited":true},{"PrincipalSID":"HOLO.LIVE-S-1-5-32-544","PrincipalType":"Group","RightName":"GenericWrite","IsInherited":true},{"PrincipalSID":"S-1-5-21-471847105-3603022926-1728018720-1119","PrincipalType":"User","RightName":"AddMember","IsInherited":true}],"ObjectIdentifier":"HOLO.LIVE-S-1-5-32-556","IsDeleted":false,"IsACLProtected":false},{"Properties":{"domain":"HOLO.LIVE","name":"WINDOWS AUTHORIZATION ACCESS GROUP@HOLO.LIVE","distinguishedname":"CN=WINDOWS AUTHORIZATION ACCESS GROUP,CN=BUILTIN,DC=HOLO,DC=LIVE","domainsid":"S-1-5-21-471847105-3603022926-1728018720","highvalue":false,"samaccountname":"Windows Authorization Access Group","description":"Members of this group have access to the computed tokenGroupsGlobalAndUniversal attribute on User objects","whencreated":1603410210,"admincount":false},"Members":[{"ObjectIdentifier":"HOLO.LIVE-S-1-5-9","ObjectType":"Group"}],"Aces":[{"PrincipalSID":"S-1-5-21-471847105-3603022926-1728018720-512","PrincipalType":"Group","RightName":"Owns","IsInherited":false},{"PrincipalSID":"HOLO.LIVE-S-1-5-32-548","PrincipalType":"Group","RightName":"GenericAll","IsInherited":false},{"PrincipalSID":"S-1-5-21-471847105-3603022926-1728018720-512","PrincipalType":"Group","RightName":"GenericAll","IsInherited":false},{"PrincipalSID":"S-1-5-21-471847105-3603022926-1728018720-519","PrincipalType":"Group","RightName":"GenericAll","IsInherited":true},{"PrincipalSID":"HOLO.LIVE-S-1-5-32-544","PrincipalType":"Group","RightName":"WriteDacl","IsInherited":true},{"PrincipalSID":"HOLO.LIVE-S-1-5-32-544","PrincipalType":"Group","RightName":"WriteOwner","IsInherited":true},{"PrincipalSID":"HOLO.LIVE-S-1-5-32-544","PrincipalType":"Group","RightName":"GenericWrite","IsInherited":true},{"PrincipalSID":"S-1-5-21-471847105-3603022926-1728018720-1119","PrincipalType":"User","RightName":"AddMember","IsInherited":true}],"ObjectIdentifier":"HOLO.LIVE-S-1-5-32-560","IsDeleted":false,"IsACLProtected":false},{"Properties":{"domain":"HOLO.LIVE","name":"TERMINAL SERVER LICENSE SERVERS@HOLO.LIVE","distinguishedname":"CN=TERMINAL SERVER LICENSE SERVERS,CN=BUILTIN,DC=HOLO,DC=LIVE","domainsid":"S-1-5-21-471847105-3603022926-1728018720","highvalue":false,"samaccountname":"Terminal Server License Servers","description":"Members of this group can update user accounts in Active Directory with information about license issuance, for the purpose of tracking and reporting TS Per User CAL usage","whencreated":1603410210,"admincount":false},"Members":[],"Aces":[{"PrincipalSID":"S-1-5-21-471847105-3603022926-1728018720-512","PrincipalType":"Group","RightName":"Owns","IsInherited":false},{"PrincipalSID":"HOLO.LIVE-S-1-5-32-548","PrincipalType":"Group","RightName":"GenericAll","IsInherited":false},{"PrincipalSID":"S-1-5-21-471847105-3603022926-1728018720-512","PrincipalType":"Group","RightName":"GenericAll","IsInherited":false},{"PrincipalSID":"S-1-5-21-471847105-3603022926-1728018720-519","PrincipalType":"Group","RightName":"GenericAll","IsInherited":true},{"PrincipalSID":"HOLO.LIVE-S-1-5-32-544","PrincipalType":"Group","RightName":"WriteDacl","IsInherited":true},{"PrincipalSID":"HOLO.LIVE-S-1-5-32-544","PrincipalType":"Group","RightName":"WriteOwner","IsInherited":true},{"PrincipalSID":"HOLO.LIVE-S-1-5-32-544","PrincipalType":"Group","RightName":"GenericWrite","IsInherited":true},{"PrincipalSID":"S-1-5-21-471847105-3603022926-1728018720-1119","PrincipalType":"User","RightName":"AddMember","IsInherited":true}],"ObjectIdentifier":"HOLO.LIVE-S-1-5-32-561","IsDeleted":false,"IsACLProtected":false},{"Properties":{"domain":"HOLO.LIVE","name":"STORAGE REPLICA ADMINISTRATORS@HOLO.LIVE","distinguishedname":"CN=STORAGE REPLICA ADMINISTRATORS,CN=BUILTIN,DC=HOLO,DC=LIVE","domainsid":"S-1-5-21-471847105-3603022926-1728018720","highvalue":false,"samaccountname":"Storage Replica Administrators","description":"Members of this group have complete and unrestricted access to all features of Storage Replica.","whencreated":1603410120,"admincount":false},"Members":[],"Aces":[{"PrincipalSID":"HOLO.LIVE-S-1-5-32-544","PrincipalType":"Group","RightName":"Owns","IsInherited":false},{"PrincipalSID":"HOLO.LIVE-S-1-5-32-548","PrincipalType":"Group","RightName":"GenericAll","IsInherited":false},{"PrincipalSID":"S-1-5-21-471847105-3603022926-1728018720-512","PrincipalType":"Group","RightName":"GenericAll","IsInherited":false},{"PrincipalSID":"S-1-5-21-471847105-3603022926-1728018720-519","PrincipalType":"Group","RightName":"GenericAll","IsInherited":true},{"PrincipalSID":"HOLO.LIVE-S-1-5-32-544","PrincipalType":"Group","RightName":"WriteDacl","IsInherited":true},{"PrincipalSID":"HOLO.LIVE-S-1-5-32-544","PrincipalType":"Group","RightName":"WriteOwner","IsInherited":true},{"PrincipalSID":"HOLO.LIVE-S-1-5-32-544","PrincipalType":"Group","RightName":"GenericWrite","IsInherited":true},{"PrincipalSID":"S-1-5-21-471847105-3603022926-1728018720-1119","PrincipalType":"User","RightName":"AddMember","IsInherited":true}],"ObjectIdentifier":"HOLO.LIVE-S-1-5-32-582","IsDeleted":false,"IsACLProtected":false},{"Properties":{"domain":"HOLO.LIVE","name":"PERFORMANCE LOG USERS@HOLO.LIVE","distinguishedname":"CN=PERFORMANCE LOG USERS,CN=BUILTIN,DC=HOLO,DC=LIVE","domainsid":"S-1-5-21-471847105-3603022926-1728018720","highvalue":false,"samaccountname":"Performance Log Users","description":"Members of this group may schedule logging of performance counters, enable trace providers, and collect event traces both locally and via remote access to this computer","whencreated":1603410120,"admincount":false},"Members":[],"Aces":[{"PrincipalSID":"HOLO.LIVE-S-1-5-32-544","PrincipalType":"Group","RightName":"Owns","IsInherited":false},{"PrincipalSID":"HOLO.LIVE-S-1-5-32-548","PrincipalType":"Group","RightName":"GenericAll","IsInherited":false},{"PrincipalSID":"S-1-5-21-471847105-3603022926-1728018720-512","PrincipalType":"Group","RightName":"GenericAll","IsInherited":false},{"PrincipalSID":"S-1-5-21-471847105-3603022926-1728018720-519","PrincipalType":"Group","RightName":"GenericAll","IsInherited":true},{"PrincipalSID":"HOLO.LIVE-S-1-5-32-544","PrincipalType":"Group","RightName":"WriteDacl","IsInherited":true},{"PrincipalSID":"HOLO.LIVE-S-1-5-32-544","PrincipalType":"Group","RightName":"WriteOwner","IsInherited":true},{"PrincipalSID":"HOLO.LIVE-S-1-5-32-544","PrincipalType":"Group","RightName":"GenericWrite","IsInherited":true},{"PrincipalSID":"S-1-5-21-471847105-3603022926-1728018720-1119","PrincipalType":"User","RightName":"AddMember","IsInherited":true}],"ObjectIdentifier":"HOLO.LIVE-S-1-5-32-559","IsDeleted":false,"IsACLProtected":false},{"Properties":{"domain":"HOLO.LIVE","name":"CERTIFICATE SERVICE DCOM ACCESS@HOLO.LIVE","distinguishedname":"CN=CERTIFICATE SERVICE DCOM ACCESS,CN=BUILTIN,DC=HOLO,DC=LIVE","domainsid":"S-1-5-21-471847105-3603022926-1728018720","highvalue":false,"samaccountname":"Certificate Service DCOM Access","description":"Members of this group are allowed to connect to Certification Authorities in the enterprise","whencreated":1603410120,"admincount":false},"Members":[],"Aces":[{"PrincipalSID":"HOLO.LIVE-S-1-5-32-544","PrincipalType":"Group","RightName":"Owns","IsInherited":false},{"PrincipalSID":"HOLO.LIVE-S-1-5-32-548","PrincipalType":"Group","RightName":"GenericAll","IsInherited":false},{"PrincipalSID":"S-1-5-21-471847105-3603022926-1728018720-512","PrincipalType":"Group","RightName":"GenericAll","IsInherited":false},{"PrincipalSID":"S-1-5-21-471847105-3603022926-1728018720-519","PrincipalType":"Group","RightName":"GenericAll","IsInherited":true},{"PrincipalSID":"HOLO.LIVE-S-1-5-32-544","PrincipalType":"Group","RightName":"WriteDacl","IsInherited":true},{"PrincipalSID":"HOLO.LIVE-S-1-5-32-544","PrincipalType":"Group","RightName":"WriteOwner","IsInherited":true},{"PrincipalSID":"HOLO.LIVE-S-1-5-32-544","PrincipalType":"Group","RightName":"GenericWrite","IsInherited":true},{"PrincipalSID":"S-1-5-21-471847105-3603022926-1728018720-1119","PrincipalType":"User","RightName":"AddMember","IsInherited":true}],"ObjectIdentifier":"HOLO.LIVE-S-1-5-32-574","IsDeleted":false,"IsACLProtected":false},{"Properties":{"domain":"HOLO.LIVE","name":"INCOMING FOREST TRUST BUILDERS@HOLO.LIVE","distinguishedname":"CN=INCOMING FOREST TRUST BUILDERS,CN=BUILTIN,DC=HOLO,DC=LIVE","domainsid":"S-1-5-21-471847105-3603022926-1728018720","highvalue":false,"samaccountname":"Incoming Forest Trust Builders","description":"Members of this group can create incoming, one-way trusts to this forest","whencreated":1603410210,"admincount":false},"Members":[],"Aces":[{"PrincipalSID":"S-1-5-21-471847105-3603022926-1728018720-512","PrincipalType":"Group","RightName":"Owns","IsInherited":false},{"PrincipalSID":"HOLO.LIVE-S-1-5-32-548","PrincipalType":"Group","RightName":"GenericAll","IsInherited":false},{"PrincipalSID":"S-1-5-21-471847105-3603022926-1728018720-512","PrincipalType":"Group","RightName":"GenericAll","IsInherited":false},{"PrincipalSID":"S-1-5-21-471847105-3603022926-1728018720-519","PrincipalType":"Group","RightName":"GenericAll","IsInherited":true},{"PrincipalSID":"HOLO.LIVE-S-1-5-32-544","PrincipalType":"Group","RightName":"WriteDacl","IsInherited":true},{"PrincipalSID":"HOLO.LIVE-S-1-5-32-544","PrincipalType":"Group","RightName":"WriteOwner","IsInherited":true},{"PrincipalSID":"HOLO.LIVE-S-1-5-32-544","PrincipalType":"Group","RightName":"GenericWrite","IsInherited":true},{"PrincipalSID":"S-1-5-21-471847105-3603022926-1728018720-1119","PrincipalType":"User","RightName":"AddMember","IsInherited":true}],"ObjectIdentifier":"HOLO.LIVE-S-1-5-32-557","IsDeleted":false,"IsACLProtected":false},{"Properties":{"domain":"HOLO.LIVE","name":"RDS MANAGEMENT SERVERS@HOLO.LIVE","distinguishedname":"CN=RDS MANAGEMENT SERVERS,CN=BUILTIN,DC=HOLO,DC=LIVE","domainsid":"S-1-5-21-471847105-3603022926-1728018720","highvalue":false,"samaccountname":"RDS Management Servers","description":"Servers in this group can perform routine administrative actions on servers running Remote Desktop Services. This group needs to be populated on all servers in a Remote Desktop Services deployment. The servers running the RDS Central Management service must be included in this group.","whencreated":1603410120,"admincount":false},"Members":[],"Aces":[{"PrincipalSID":"HOLO.LIVE-S-1-5-32-544","PrincipalType":"Group","RightName":"Owns","IsInherited":false},{"PrincipalSID":"HOLO.LIVE-S-1-5-32-548","PrincipalType":"Group","RightName":"GenericAll","IsInherited":false},{"PrincipalSID":"S-1-5-21-471847105-3603022926-1728018720-512","PrincipalType":"Group","RightName":"GenericAll","IsInherited":false},{"PrincipalSID":"S-1-5-21-471847105-3603022926-1728018720-519","PrincipalType":"Group","RightName":"GenericAll","IsInherited":true},{"PrincipalSID":"HOLO.LIVE-S-1-5-32-544","PrincipalType":"Group","RightName":"WriteDacl","IsInherited":true},{"PrincipalSID":"HOLO.LIVE-S-1-5-32-544","PrincipalType":"Group","RightName":"WriteOwner","IsInherited":true},{"PrincipalSID":"HOLO.LIVE-S-1-5-32-544","PrincipalType":"Group","RightName":"GenericWrite","IsInherited":true},{"PrincipalSID":"S-1-5-21-471847105-3603022926-1728018720-1119","PrincipalType":"User","RightName":"AddMember","IsInherited":true}],"ObjectIdentifier":"HOLO.LIVE-S-1-5-32-577","IsDeleted":false,"IsACLProtected":false},{"Properties":{"domain":"HOLO.LIVE","name":"RDS REMOTE ACCESS SERVERS@HOLO.LIVE","distinguishedname":"CN=RDS REMOTE ACCESS SERVERS,CN=BUILTIN,DC=HOLO,DC=LIVE","domainsid":"S-1-5-21-471847105-3603022926-1728018720","highvalue":false,"samaccountname":"RDS Remote Access Servers","description":"Servers in this group enable users of RemoteApp programs and personal virtual desktops access to these resources. In Internet-facing deployments, these servers are typically deployed in an edge network. This group needs to be populated on servers running RD Connection Broker. RD Gateway servers and RD Web Access servers used in the deployment need to be in this group.","whencreated":1603410120,"admincount":false},"Members":[],"Aces":[{"PrincipalSID":"HOLO.LIVE-S-1-5-32-544","PrincipalType":"Group","RightName":"Owns","IsInherited":false},{"PrincipalSID":"HOLO.LIVE-S-1-5-32-548","PrincipalType":"Group","RightName":"GenericAll","IsInherited":false},{"PrincipalSID":"S-1-5-21-471847105-3603022926-1728018720-512","PrincipalType":"Group","RightName":"GenericAll","IsInherited":false},{"PrincipalSID":"S-1-5-21-471847105-3603022926-1728018720-519","PrincipalType":"Group","RightName":"GenericAll","IsInherited":true},{"PrincipalSID":"HOLO.LIVE-S-1-5-32-544","PrincipalType":"Group","RightName":"WriteDacl","IsInherited":true},{"PrincipalSID":"HOLO.LIVE-S-1-5-32-544","PrincipalType":"Group","RightName":"WriteOwner","IsInherited":true},{"PrincipalSID":"HOLO.LIVE-S-1-5-32-544","PrincipalType":"Group","RightName":"GenericWrite","IsInherited":true},{"PrincipalSID":"S-1-5-21-471847105-3603022926-1728018720-1119","PrincipalType":"User","RightName":"AddMember","IsInherited":true}],"ObjectIdentifier":"HOLO.LIVE-S-1-5-32-575","IsDeleted":false,"IsACLProtected":false},{"Properties":{"domain":"HOLO.LIVE","name":"DOMAIN CONTROLLERS@HOLO.LIVE","distinguishedname":"CN=DOMAIN CONTROLLERS,OU=GROUPS,DC=HOLO,DC=LIVE","domainsid":"S-1-5-21-471847105-3603022926-1728018720","highvalue":true,"samaccountname":"Domain Controllers","description":"All domain controllers in the domain","whencreated":1603410210,"admincount":true},"Members":[],"Aces":[{"PrincipalSID":"S-1-5-21-471847105-3603022926-1728018720-512","PrincipalType":"Group","RightName":"Owns","IsInherited":false},{"PrincipalSID":"HOLO.LIVE-S-1-5-32-544","PrincipalType":"Group","RightName":"WriteDacl","IsInherited":false},{"PrincipalSID":"HOLO.LIVE-S-1-5-32-544","PrincipalType":"Group","RightName":"WriteOwner","IsInherited":false},{"PrincipalSID":"HOLO.LIVE-S-1-5-32-544","PrincipalType":"Group","RightName":"GenericWrite","IsInherited":false},{"PrincipalSID":"S-1-5-21-471847105-3603022926-1728018720-512","PrincipalType":"Group","RightName":"WriteDacl","IsInherited":false},{"PrincipalSID":"S-1-5-21-471847105-3603022926-1728018720-512","PrincipalType":"Group","RightName":"WriteOwner","IsInherited":false},{"PrincipalSID":"S-1-5-21-471847105-3603022926-1728018720-512","PrincipalType":"Group","RightName":"GenericWrite","IsInherited":false},{"PrincipalSID":"S-1-5-21-471847105-3603022926-1728018720-519","PrincipalType":"Group","RightName":"WriteDacl","IsInherited":false},{"PrincipalSID":"S-1-5-21-471847105-3603022926-1728018720-519","PrincipalType":"Group","RightName":"WriteOwner","IsInherited":false},{"PrincipalSID":"S-1-5-21-471847105-3603022926-1728018720-519","PrincipalType":"Group","RightName":"GenericWrite","IsInherited":false}],"ObjectIdentifier":"S-1-5-21-471847105-3603022926-1728018720-516","IsDeleted":false,"IsACLProtected":true},{"Properties":{"domain":"HOLO.LIVE","name":"USERS@HOLO.LIVE","distinguishedname":"CN=USERS,CN=BUILTIN,DC=HOLO,DC=LIVE","domainsid":"S-1-5-21-471847105-3603022926-1728018720","highvalue":false,"samaccountname":"Users","description":"Users are prevented from making accidental or intentional system-wide changes and can run most applications","whencreated":1603410120,"admincount":false},"Members":[{"ObjectIdentifier":"S-1-5-21-471847105-3603022926-1728018720-513","ObjectType":"Group"},{"ObjectIdentifier":"HOLO.LIVE-S-1-5-11","ObjectType":"Group"},{"ObjectIdentifier":"HOLO.LIVE-S-1-5-4","ObjectType":"Group"}],"Aces":[{"PrincipalSID":"HOLO.LIVE-S-1-5-32-544","PrincipalType":"Group","RightName":"Owns","IsInherited":false},{"PrincipalSID":"HOLO.LIVE-S-1-5-32-548","PrincipalType":"Group","RightName":"GenericAll","IsInherited":false},{"PrincipalSID":"S-1-5-21-471847105-3603022926-1728018720-512","PrincipalType":"Group","RightName":"GenericAll","IsInherited":false},{"PrincipalSID":"S-1-5-21-471847105-3603022926-1728018720-519","PrincipalType":"Group","RightName":"GenericAll","IsInherited":true},{"PrincipalSID":"HOLO.LIVE-S-1-5-32-544","PrincipalType":"Group","RightName":"WriteDacl","IsInherited":true},{"PrincipalSID":"HOLO.LIVE-S-1-5-32-544","PrincipalType":"Group","RightName":"WriteOwner","IsInherited":true},{"PrincipalSID":"HOLO.LIVE-S-1-5-32-544","PrincipalType":"Group","RightName":"GenericWrite","IsInherited":true},{"PrincipalSID":"S-1-5-21-471847105-3603022926-1728018720-1119","PrincipalType":"User","RightName":"AddMember","IsInherited":true}],"ObjectIdentifier":"HOLO.LIVE-S-1-5-32-545","IsDeleted":false,"IsACLProtected":false},{"Properties":{"domain":"HOLO.LIVE","name":"CERT PUBLISHERS@HOLO.LIVE","distinguishedname":"CN=CERT PUBLISHERS,OU=GROUPS,DC=HOLO,DC=LIVE","domainsid":"S-1-5-21-471847105-3603022926-1728018720","highvalue":false,"samaccountname":"Cert Publishers","description":"Members of this group are permitted to publish certificates to the directory","whencreated":1603410210,"admincount":false},"Members":[],"Aces":[{"PrincipalSID":"S-1-5-21-471847105-3603022926-1728018720-512","PrincipalType":"Group","RightName":"Owns","IsInherited":false},{"PrincipalSID":"HOLO.LIVE-S-1-5-32-548","PrincipalType":"Group","RightName":"GenericAll","IsInherited":false},{"PrincipalSID":"S-1-5-21-471847105-3603022926-1728018720-512","PrincipalType":"Group","RightName":"GenericAll","IsInherited":false},{"PrincipalSID":"S-1-5-21-471847105-3603022926-1728018720-1119","PrincipalType":"User","RightName":"AddMember","IsInherited":true},{"PrincipalSID":"S-1-5-21-471847105-3603022926-1728018720-519","PrincipalType":"Group","RightName":"GenericAll","IsInherited":true},{"PrincipalSID":"HOLO.LIVE-S-1-5-32-544","PrincipalType":"Group","RightName":"WriteDacl","IsInherited":true},{"PrincipalSID":"HOLO.LIVE-S-1-5-32-544","PrincipalType":"Group","RightName":"WriteOwner","IsInherited":true},{"PrincipalSID":"HOLO.LIVE-S-1-5-32-544","PrincipalType":"Group","RightName":"GenericWrite","IsInherited":true}],"ObjectIdentifier":"S-1-5-21-471847105-3603022926-1728018720-517","IsDeleted":false,"IsACLProtected":false},{"Properties":{"domain":"HOLO.LIVE","name":"REMOTE MANAGEMENT USERS@HOLO.LIVE","distinguishedname":"CN=REMOTE MANAGEMENT USERS,CN=BUILTIN,DC=HOLO,DC=LIVE","domainsid":"S-1-5-21-471847105-3603022926-1728018720","highvalue":false,"samaccountname":"Remote Management Users","description":"Members of this group can access WMI resources over management protocols (such as WS-Management via the Windows Remote Management service). This applies only to WMI namespaces that grant access to the user.","whencreated":1603410120,"admincount":false},"Members":[],"Aces":[{"PrincipalSID":"HOLO.LIVE-S-1-5-32-544","PrincipalType":"Group","RightName":"Owns","IsInherited":false},{"PrincipalSID":"HOLO.LIVE-S-1-5-32-548","PrincipalType":"Group","RightName":"GenericAll","IsInherited":false},{"PrincipalSID":"S-1-5-21-471847105-3603022926-1728018720-512","PrincipalType":"Group","RightName":"GenericAll","IsInherited":false},{"PrincipalSID":"S-1-5-21-471847105-3603022926-1728018720-519","PrincipalType":"Group","RightName":"GenericAll","IsInherited":true},{"PrincipalSID":"HOLO.LIVE-S-1-5-32-544","PrincipalType":"Group","RightName":"WriteDacl","IsInherited":true},{"PrincipalSID":"HOLO.LIVE-S-1-5-32-544","PrincipalType":"Group","RightName":"WriteOwner","IsInherited":true},{"PrincipalSID":"HOLO.LIVE-S-1-5-32-544","PrincipalType":"Group","RightName":"GenericWrite","IsInherited":true},{"PrincipalSID":"S-1-5-21-471847105-3603022926-1728018720-1119","PrincipalType":"User","RightName":"AddMember","IsInherited":true}],"ObjectIdentifier":"HOLO.LIVE-S-1-5-32-580","IsDeleted":false,"IsACLProtected":false},{"Properties":{"domain":"HOLO.LIVE","name":"ACCESS CONTROL ASSISTANCE OPERATORS@HOLO.LIVE","distinguishedname":"CN=ACCESS CONTROL ASSISTANCE OPERATORS,CN=BUILTIN,DC=HOLO,DC=LIVE","domainsid":"S-1-5-21-471847105-3603022926-1728018720","highvalue":false,"samaccountname":"Access Control Assistance Operators","description":"Members of this group can remotely query authorization attributes and permissions for resources on this computer.","whencreated":1603410120,"admincount":false},"Members":[],"Aces":[{"PrincipalSID":"HOLO.LIVE-S-1-5-32-544","PrincipalType":"Group","RightName":"Owns","IsInherited":false},{"PrincipalSID":"HOLO.LIVE-S-1-5-32-548","PrincipalType":"Group","RightName":"GenericAll","IsInherited":false},{"PrincipalSID":"S-1-5-21-471847105-3603022926-1728018720-512","PrincipalType":"Group","RightName":"GenericAll","IsInherited":false},{"PrincipalSID":"S-1-5-21-471847105-3603022926-1728018720-519","PrincipalType":"Group","RightName":"GenericAll","IsInherited":true},{"PrincipalSID":"HOLO.LIVE-S-1-5-32-544","PrincipalType":"Group","RightName":"WriteDacl","IsInherited":true},{"PrincipalSID":"HOLO.LIVE-S-1-5-32-544","PrincipalType":"Group","RightName":"WriteOwner","IsInherited":true},{"PrincipalSID":"HOLO.LIVE-S-1-5-32-544","PrincipalType":"Group","RightName":"GenericWrite","IsInherited":true},{"PrincipalSID":"S-1-5-21-471847105-3603022926-1728018720-1119","PrincipalType":"User","RightName":"AddMember","IsInherited":true}],"ObjectIdentifier":"HOLO.LIVE-S-1-5-32-579","IsDeleted":false,"IsACLProtected":false},{"Properties":{"domain":"HOLO.LIVE","name":"HYPER-V ADMINISTRATORS@HOLO.LIVE","distinguishedname":"CN=HYPER-V ADMINISTRATORS,CN=BUILTIN,DC=HOLO,DC=LIVE","domainsid":"S-1-5-21-471847105-3603022926-1728018720","highvalue":false,"samaccountname":"Hyper-V Administrators","description":"Members of this group have complete and unrestricted access to all features of Hyper-V.","whencreated":1603410120,"admincount":false},"Members":[],"Aces":[{"PrincipalSID":"HOLO.LIVE-S-1-5-32-544","PrincipalType":"Group","RightName":"Owns","IsInherited":false},{"PrincipalSID":"HOLO.LIVE-S-1-5-32-548","PrincipalType":"Group","RightName":"GenericAll","IsInherited":false},{"PrincipalSID":"S-1-5-21-471847105-3603022926-1728018720-512","PrincipalType":"Group","RightName":"GenericAll","IsInherited":false},{"PrincipalSID":"S-1-5-21-471847105-3603022926-1728018720-519","PrincipalType":"Group","RightName":"GenericAll","IsInherited":true},{"PrincipalSID":"HOLO.LIVE-S-1-5-32-544","PrincipalType":"Group","RightName":"WriteDacl","IsInherited":true},{"PrincipalSID":"HOLO.LIVE-S-1-5-32-544","PrincipalType":"Group","RightName":"WriteOwner","IsInherited":true},{"PrincipalSID":"HOLO.LIVE-S-1-5-32-544","PrincipalType":"Group","RightName":"GenericWrite","IsInherited":true},{"PrincipalSID":"S-1-5-21-471847105-3603022926-1728018720-1119","PrincipalType":"User","RightName":"AddMember","IsInherited":true}],"ObjectIdentifier":"HOLO.LIVE-S-1-5-32-578","IsDeleted":false,"IsACLProtected":false},{"Properties":{"domain":"HOLO.LIVE","name":"EVENT LOG READERS@HOLO.LIVE","distinguishedname":"CN=EVENT LOG READERS,CN=BUILTIN,DC=HOLO,DC=LIVE","domainsid":"S-1-5-21-471847105-3603022926-1728018720","highvalue":false,"samaccountname":"Event Log Readers","description":"Members of this group can read event logs from local machine","whencreated":1603410120,"admincount":false},"Members":[],"Aces":[{"PrincipalSID":"HOLO.LIVE-S-1-5-32-544","PrincipalType":"Group","RightName":"Owns","IsInherited":false},{"PrincipalSID":"HOLO.LIVE-S-1-5-32-548","PrincipalType":"Group","RightName":"GenericAll","IsInherited":false},{"PrincipalSID":"S-1-5-21-471847105-3603022926-1728018720-512","PrincipalType":"Group","RightName":"GenericAll","IsInherited":false},{"PrincipalSID":"S-1-5-21-471847105-3603022926-1728018720-519","PrincipalType":"Group","RightName":"GenericAll","IsInherited":true},{"PrincipalSID":"HOLO.LIVE-S-1-5-32-544","PrincipalType":"Group","RightName":"WriteDacl","IsInherited":true},{"PrincipalSID":"HOLO.LIVE-S-1-5-32-544","PrincipalType":"Group","RightName":"WriteOwner","IsInherited":true},{"PrincipalSID":"HOLO.LIVE-S-1-5-32-544","PrincipalType":"Group","RightName":"GenericWrite","IsInherited":true},{"PrincipalSID":"S-1-5-21-471847105-3603022926-1728018720-1119","PrincipalType":"User","RightName":"AddMember","IsInherited":true}],"ObjectIdentifier":"HOLO.LIVE-S-1-5-32-573","IsDeleted":false,"IsACLProtected":false},{"Properties":{"name":"INCOMING FOREST TRUST BUILDERS@HOLO.LIVE","domainsid":"S-1-5-21-471847105-3603022926-1728018720","domain":"HOLO.LIVE"},"Members":[],"Aces":[],"ObjectIdentifier":"HOLO.LIVE-S-1-5-32-557","IsDeleted":false,"IsACLProtected":false},{"Properties":{"name":"THIS ORGANIZATION @HOLO.LIVE","domainsid":"S-1-5-21-471847105-3603022926-1728018720","domain":"HOLO.LIVE"},"Members":[],"Aces":[],"ObjectIdentifier":"HOLO.LIVE-S-1-5-17","IsDeleted":false,"IsACLProtected":false},{"Properties":{"name":"ENTERPRISE DOMAIN CONTROLLERS@HOLO.LIVE","domainsid":"S-1-5-21-471847105-3603022926-1728018720","domain":"HOLO.LIVE"},"Members":[],"Aces":[],"ObjectIdentifier":"HOLO.LIVE-S-1-5-9","IsDeleted":false,"IsACLProtected":false},{"Properties":{"name":"TERMINAL SERVER LICENSE SERVERS@HOLO.LIVE","domainsid":"S-1-5-21-471847105-3603022926-1728018720","domain":"HOLO.LIVE"},"Members":[],"Aces":[],"ObjectIdentifier":"HOLO.LIVE-S-1-5-32-561","IsDeleted":false,"IsACLProtected":false},{"Properties":{"name":"EVERYONE@HOLO.LIVE","domainsid":"S-1-5-21-471847105-3603022926-1728018720","domain":"HOLO.LIVE"},"Members":[],"Aces":[],"ObjectIdentifier":"HOLO.LIVE-S-1-1-0","IsDeleted":false,"IsACLProtected":false},{"Properties":{"name":"WINDOWS AUTHORIZATION ACCESS GROUP@HOLO.LIVE","domainsid":"S-1-5-21-471847105-3603022926-1728018720","domain":"HOLO.LIVE"},"Members":[],"Aces":[],"ObjectIdentifier":"HOLO.LIVE-S-1-5-32-560","IsDeleted":false,"IsACLProtected":false},{"Properties":{"name":"ACCOUNT OPERATORS@HOLO.LIVE","domainsid":"S-1-5-21-471847105-3603022926-1728018720","domain":"HOLO.LIVE"},"Members":[],"Aces":[],"ObjectIdentifier":"HOLO.LIVE-S-1-5-32-548","IsDeleted":false,"IsACLProtected":false},{"Properties":{"name":"AUTHENTICATED USERS@HOLO.LIVE","domainsid":"S-1-5-21-471847105-3603022926-1728018720","domain":"HOLO.LIVE"},"Members":[],"Aces":[],"ObjectIdentifier":"HOLO.LIVE-S-1-5-11","IsDeleted":false,"IsACLProtected":false},{"Properties":{"name":"INTERACTIVE@HOLO.LIVE","domainsid":"S-1-5-21-471847105-3603022926-1728018720","domain":"HOLO.LIVE"},"Members":[],"Aces":[],"ObjectIdentifier":"HOLO.LIVE-S-1-5-4","IsDeleted":false,"IsACLProtected":false},{"Properties":{"name":"PRINT OPERATORS@HOLO.LIVE","domainsid":"S-1-5-21-471847105-3603022926-1728018720","domain":"HOLO.LIVE"},"Members":[],"Aces":[],"ObjectIdentifier":"HOLO.LIVE-S-1-5-32-550","IsDeleted":false,"IsACLProtected":false},{"Properties":{"name":"ADMINISTRATORS@HOLO.LIVE","domainsid":"S-1-5-21-471847105-3603022926-1728018720","domain":"HOLO.LIVE"},"Members":[],"Aces":[],"ObjectIdentifier":"HOLO.LIVE-S-1-5-32-544","IsDeleted":false,"IsACLProtected":false},{"Properties":{"name":"PRE-WINDOWS 2000 COMPATIBLE ACCESS@HOLO.LIVE","domainsid":"S-1-5-21-471847105-3603022926-1728018720","domain":"HOLO.LIVE"},"Members":[],"Aces":[],"ObjectIdentifier":"HOLO.LIVE-S-1-5-32-554","IsDeleted":false,"IsACLProtected":false},{"Properties":{"name":"ENTERPRISE DOMAIN CONTROLLERS@HOLO.LIVE","domainsid":"S-1-5-21-471847105-3603022926-1728018720","domain":"holo.live"},"Members":[{"ObjectIdentifier":"S-1-5-21-471847105-3603022926-1728018720-1008","ObjectType":"Computer"}],"Aces":[],"ObjectIdentifier":"HOLO.LIVE-S-1-5-9","IsDeleted":false,"IsACLProtected":false}],"meta":{"methods":29695,"type":"groups","count":61,"version":5}}